"","Date","Cows","Cows SpringLine","Coyote","Coyote SpringLine","Mule.Deer","Mule.Deer SpringLine","Pronghorn","Pronghorn SpringLine","unID.Bird","unID.Bird SpringLine","unID.Mammal","unID.Mammal SpringLine","Beldings.Ground.Squirrel","Beldings.Ground.Squirrel SpringLine","Least.Chipmunk","Least.Chipmunk SpringLine","unID.Rodent","unID.Rodent SpringLine","Tamias.spp.","Tamias.spp. SpringLine","Bobcat","Bobcat SpringLine","Marmot","Marmot SpringLine","Black.Bear","Black.Bear SpringLine","American.Robin","American.Robin SpringLine","Dog","Dog SpringLine","Deer.Mouse","Deer.Mouse SpringLine","Kangaroo.Rat","Kangaroo.Rat SpringLine","Badger","Badger SpringLine","unID.Herp","unID.Herp SpringLine","TrapEffort","Cows.1","Cows SpringLine.1","Coyote.1","Coyote SpringLine.1","Mule.Deer.1","Mule.Deer SpringLine.1","Pronghorn.1","Pronghorn SpringLine.1","unID.Bird.1","unID.Bird SpringLine.1","unID.Mammal.1","unID.Mammal SpringLine.1","Beldings.Ground.Squirrel.1","Beldings.Ground.Squirrel SpringLine.1","Least.Chipmunk.1","Least.Chipmunk SpringLine.1","unID.Rodent.1","unID.Rodent SpringLine.1","Tamias.spp..1","Tamias.spp. SpringLine.1","Bobcat.1","Bobcat SpringLine.1","Marmot.1","Marmot SpringLine.1","Black.Bear.1","Black.Bear SpringLine.1","American.Robin.1","American.Robin SpringLine.1","Dog.1","Dog SpringLine.1","Deer.Mouse.1","Deer.Mouse SpringLine.1","Kangaroo.Rat.1","Kangaroo.Rat SpringLine.1","Badger.1","Badger SpringLine.1","unID.Herp.1","unID.Herp SpringLine"
"1",2022-05-04,0,NA,0,NA,0,NA,0,NA,1,"BBS Upland",0,NA,0,NA,0,NA,0,NA,0,NA,0,NA,0,NA,0,NA,0,NA,0,NA,0,NA,0,NA,0,NA,0,NA,4,0,NA,0,NA,0,NA,0,NA,1,"BBS Upland",0,NA,0,NA,0,NA,0,NA,0,NA,0,NA,0,NA,0,NA,0,NA,0,NA,0,NA,0,NA,0,NA,0,NA
"2",2022-05-05,0,NA,0,NA,0,NA,0,NA,1,"BBS Upland",0,NA,0,NA,0,NA,0,NA,0,NA,0,NA,0,NA,0,NA,0,NA,0,NA,0,NA,0,NA,0,NA,0,NA,8.5,0,NA,0,NA,0,NA,0,NA,1,"BBS Upland",0,NA,0,NA,0,NA,0,NA,0,NA,0,NA,0,NA,0,NA,0,NA,0,NA,0,NA,0,NA,0,NA,0,NA
"3",2022-05-06,0,NA,0,NA,0,NA,0,NA,0,NA,0,NA,0,NA,0,NA,0,NA,0,NA,0,NA,0,NA,0,NA,0,NA,0,NA,0,NA,0,NA,0,NA,0,NA,9.5,0,NA,0,NA,0,NA,0,NA,0,NA,0,NA,0,NA,0,NA,0,NA,0,NA,0,NA,0,NA,0,NA,0,NA,0,NA,0,NA,0,NA,0,NA,0,NA
"4",2022-05-07,1,"UIS Spring",0,NA,0,NA,0,NA,0,NA,0,NA,0,NA,0,NA,0,NA,0,NA,0,NA,0,NA,0,NA,0,NA,0,NA,0,NA,0,NA,0,NA,0,NA,10,1,"UIS Spring",0,NA,0,NA,0,NA,0,NA,0,NA,0,NA,0,NA,0,NA,0,NA,0,NA,0,NA,0,NA,0,NA,0,NA,0,NA,0,NA,0,NA,0,NA
"5",2022-05-08,0,NA,0,NA,0,NA,0,NA,1,"BBS Upland",0,NA,0,NA,0,NA,0,NA,0,NA,0,NA,0,NA,0,NA,0,NA,0,NA,0,NA,0,NA,0,NA,0,NA,10,0,NA,0,NA,0,NA,0,NA,1,"BBS Upland",0,NA,0,NA,0,NA,0,NA,0,NA,0,NA,0,NA,0,NA,0,NA,0,NA,0,NA,0,NA,0,NA,0,NA
"6",2022-05-09,0,NA,0,NA,0,NA,0,NA,0,NA,0,NA,1,"BBS/UC Spring",0,NA,0,NA,0,NA,0,NA,0,NA,0,NA,0,NA,0,NA,0,NA,0,NA,0,NA,0,NA,10,0,NA,0,NA,0,NA,0,NA,0,NA,0,NA,1,"BBS/UC Spring",0,NA,0,NA,0,NA,0,NA,0,NA,0,NA,0,NA,0,NA,0,NA,0,NA,0,NA,0,NA
"7",2022-05-10,0,NA,0,NA,0,NA,0,NA,0,NA,0,NA,0,NA,0,NA,0,NA,0,NA,0,NA,0,NA,0,NA,0,NA,0,NA,0,NA,0,NA,0,NA,0,NA,10,0,NA,0,NA,0,NA,0,NA,0,NA,0,NA,0,NA,0,NA,0,NA,0,NA,0,NA,0,NA,0,NA,0,NA,0,NA,0,NA,0,NA,0,NA,0,NA
"8",2022-05-11,0,NA,0,NA,0,NA,0,NA,0,NA,0,NA,0,NA,0,NA,0,NA,0,NA,0,NA,0,NA,0,NA,0,NA,0,NA,0,NA,0,NA,0,NA,0,NA,10,0,NA,0,NA,0,NA,0,NA,0,NA,0,NA,0,NA,0,NA,0,NA,0,NA,0,NA,0,NA,0,NA,0,NA,0,NA,0,NA,0,NA,0,NA,0,NA
"9",2022-05-12,1,"UIS Spring",0,NA,1,"BBS/UC Spring",0,NA,0,NA,0,NA,0,NA,0,NA,0,NA,0,NA,0,NA,0,NA,0,NA,0,NA,0,NA,0,NA,0,NA,0,NA,0,NA,10,1,"UIS Spring",0,NA,1,"BBS/UC Spring",0,NA,0,NA,0,NA,0,NA,0,NA,0,NA,0,NA,0,NA,0,NA,0,NA,0,NA,0,NA,0,NA,0,NA,0,NA,0,NA
"10",2022-05-13,0,NA,1,"DVS NA",0,NA,0,NA,1,"DVS NA",0,NA,0,NA,0,NA,0,NA,0,NA,0,NA,0,NA,0,NA,0,NA,0,NA,0,NA,0,NA,0,NA,0,NA,10,0,NA,1,"DVS NA",0,NA,0,NA,1,"DVS NA",0,NA,0,NA,0,NA,0,NA,0,NA,0,NA,0,NA,0,NA,0,NA,0,NA,0,NA,0,NA,0,NA,0,NA
"11",2022-05-14,0,NA,0,NA,0,NA,0,NA,1,"BBS/UC Spring",0,NA,0,NA,0,NA,0,NA,0,NA,0,NA,0,NA,0,NA,0,NA,0,NA,0,NA,0,NA,0,NA,0,NA,10,0,NA,0,NA,0,NA,0,NA,1,"BBS/UC Spring",0,NA,0,NA,0,NA,0,NA,0,NA,0,NA,0,NA,0,NA,0,NA,0,NA,0,NA,0,NA,0,NA,0,NA
"12",2022-05-15,0,NA,0,NA,0,NA,0,NA,0,NA,0,NA,0,NA,0,NA,0,NA,0,NA,0,NA,0,NA,0,NA,0,NA,0,NA,0,NA,0,NA,0,NA,0,NA,10,0,NA,0,NA,0,NA,0,NA,0,NA,0,NA,0,NA,0,NA,0,NA,0,NA,0,NA,0,NA,0,NA,0,NA,0,NA,0,NA,0,NA,0,NA,0,NA
"13",2022-05-16,0,NA,0,NA,1,"DVS UIF",0,NA,0,NA,0,NA,0,NA,0,NA,0,NA,0,NA,0,NA,0,NA,0,NA,0,NA,0,NA,0,NA,0,NA,0,NA,0,NA,10,0,NA,0,NA,1,"DVS UIF",0,NA,0,NA,0,NA,0,NA,0,NA,0,NA,0,NA,0,NA,0,NA,0,NA,0,NA,0,NA,0,NA,0,NA,0,NA,0,NA
"14",2022-05-17,0,NA,0,NA,0,NA,0,NA,1,"BBS/UC Spring",0,NA,0,NA,0,NA,0,NA,0,NA,0,NA,0,NA,0,NA,0,NA,0,NA,0,NA,0,NA,1,"BBS/UC Spring",0,NA,10,0,NA,0,NA,0,NA,0,NA,1,"BBS/UC Spring",0,NA,0,NA,0,NA,0,NA,0,NA,0,NA,0,NA,0,NA,0,NA,0,NA,0,NA,0,NA,1,"BBS/UC Spring",0,NA
"15",2022-05-18,1,"UIS Spring",0,NA,0,NA,0,NA,1,"DVS UIF",0,NA,0,NA,0,NA,0,NA,0,NA,0,NA,0,NA,0,NA,0,NA,0,NA,0,NA,0,NA,0,NA,0,NA,10,1,"UIS Spring",0,NA,0,NA,0,NA,1,"DVS UIF",0,NA,0,NA,0,NA,0,NA,0,NA,0,NA,0,NA,0,NA,0,NA,0,NA,0,NA,0,NA,0,NA,0,NA
"16",2022-05-19,0,NA,0,NA,0,NA,1,"DVS UIF",1,"UIS Spring",0,NA,0,NA,0,NA,0,NA,0,NA,0,NA,0,NA,0,NA,0,NA,0,NA,0,NA,0,NA,0,NA,0,NA,10,0,NA,0,NA,0,NA,1,"DVS UIF",1,"UIS Spring",0,NA,0,NA,0,NA,0,NA,0,NA,0,NA,0,NA,0,NA,0,NA,0,NA,0,NA,0,NA,0,NA,0,NA
"17",2022-05-20,0,NA,0,NA,0,NA,0,NA,2,"BBS Upland, DVS UIF",0,NA,1,"DVS UIF",0,NA,0,NA,0,NA,0,NA,0,NA,0,NA,0,NA,0,NA,0,NA,0,NA,0,NA,0,NA,10,0,NA,0,NA,0,NA,0,NA,1,"BBS Upland, DVS UIF",0,NA,1,"DVS UIF",0,NA,0,NA,0,NA,0,NA,0,NA,0,NA,0,NA,0,NA,0,NA,0,NA,0,NA,0,NA
"18",2022-05-21,0,NA,0,NA,0,NA,0,NA,2,"DVS UIF, BBS/UC Spring",0,NA,0,NA,0,NA,0,NA,0,NA,0,NA,0,NA,0,NA,0,NA,0,NA,0,NA,0,NA,0,NA,0,NA,10,0,NA,0,NA,0,NA,0,NA,1,"DVS UIF, BBS/UC Spring",0,NA,0,NA,0,NA,0,NA,0,NA,0,NA,0,NA,0,NA,0,NA,0,NA,0,NA,0,NA,0,NA,0,NA
"19",2022-05-22,1,"UIS Spring",0,NA,1,"BBS/UC Spring",0,NA,2,"BBS/UC Spring, UIS Spring",0,NA,0,NA,0,NA,0,NA,0,NA,0,NA,0,NA,0,NA,0,NA,0,NA,0,NA,0,NA,0,NA,0,NA,10,1,"UIS Spring",0,NA,1,"BBS/UC Spring",0,NA,1,"BBS/UC Spring, UIS Spring",0,NA,0,NA,0,NA,0,NA,0,NA,0,NA,0,NA,0,NA,0,NA,0,NA,0,NA,0,NA,0,NA,0,NA
"20",2022-05-23,0,NA,0,NA,0,NA,0,NA,2,"BBS/UC Spring, DVS NA",0,NA,0,NA,0,NA,0,NA,0,NA,0,NA,0,NA,0,NA,0,NA,0,NA,0,NA,0,NA,0,NA,0,NA,10,0,NA,0,NA,0,NA,0,NA,1,"BBS/UC Spring, DVS NA",0,NA,0,NA,0,NA,0,NA,0,NA,0,NA,0,NA,0,NA,0,NA,0,NA,0,NA,0,NA,0,NA,0,NA
"21",2022-05-24,0,NA,0,NA,0,NA,0,NA,1,"DVS UIF",1,"UIS Spring",0,NA,0,NA,0,NA,1,"UIS Spring",0,NA,0,NA,0,NA,0,NA,0,NA,0,NA,0,NA,0,NA,0,NA,10,0,NA,0,NA,0,NA,0,NA,1,"DVS UIF",1,"UIS Spring",0,NA,0,NA,0,NA,1,"UIS Spring",0,NA,0,NA,0,NA,0,NA,0,NA,0,NA,0,NA,0,NA,0,NA
"22",2022-05-25,0,NA,0,NA,0,NA,0,NA,1,"BBS/UC Spring",0,NA,0,NA,0,NA,0,NA,0,NA,0,NA,0,NA,0,NA,0,NA,0,NA,0,NA,0,NA,0,NA,0,NA,10,0,NA,0,NA,0,NA,0,NA,1,"BBS/UC Spring",0,NA,0,NA,0,NA,0,NA,0,NA,0,NA,0,NA,0,NA,0,NA,0,NA,0,NA,0,NA,0,NA,0,NA
"23",2022-05-26,0,NA,0,NA,0,NA,0,NA,2,"BBS Upland, BBS/UC Spring",0,NA,0,NA,0,NA,0,NA,0,NA,0,NA,0,NA,0,NA,0,NA,0,NA,0,NA,0,NA,0,NA,0,NA,10,0,NA,0,NA,0,NA,0,NA,1,"BBS Upland, BBS/UC Spring",0,NA,0,NA,0,NA,0,NA,0,NA,0,NA,0,NA,0,NA,0,NA,0,NA,0,NA,0,NA,0,NA,0,NA
"24",2022-05-27,0,NA,0,NA,0,NA,0,NA,2,"BBS Upland, BBS/UC Spring",0,NA,0,NA,0,NA,0,NA,0,NA,0,NA,0,NA,0,NA,1,"BBS Upland",0,NA,0,NA,0,NA,0,NA,0,NA,10,0,NA,0,NA,0,NA,0,NA,1,"BBS Upland, BBS/UC Spring",0,NA,0,NA,0,NA,0,NA,0,NA,0,NA,0,NA,0,NA,1,"BBS Upland",0,NA,0,NA,0,NA,0,NA,0,NA
"25",2022-05-28,0,NA,0,NA,0,NA,0,NA,1,"DVS NA",0,NA,0,NA,0,NA,0,NA,0,NA,0,NA,0,NA,0,NA,0,NA,0,NA,0,NA,0,NA,0,NA,0,NA,10,0,NA,0,NA,0,NA,0,NA,1,"DVS NA",0,NA,0,NA,0,NA,0,NA,0,NA,0,NA,0,NA,0,NA,0,NA,0,NA,0,NA,0,NA,0,NA,0,NA
"26",2022-05-29,0,NA,0,NA,0,NA,0,NA,1,"BBS Upland",0,NA,0,NA,0,NA,0,NA,0,NA,0,NA,0,NA,0,NA,0,NA,0,NA,0,NA,0,NA,0,NA,0,NA,10,0,NA,0,NA,0,NA,0,NA,1,"BBS Upland",0,NA,0,NA,0,NA,0,NA,0,NA,0,NA,0,NA,0,NA,0,NA,0,NA,0,NA,0,NA,0,NA,0,NA
"27",2022-05-30,0,NA,0,NA,0,NA,0,NA,2,"BBS Upland, DVS NA",0,NA,0,NA,0,NA,0,NA,0,NA,0,NA,0,NA,0,NA,0,NA,0,NA,0,NA,0,NA,0,NA,0,NA,10,0,NA,0,NA,0,NA,0,NA,1,"BBS Upland, DVS NA",0,NA,0,NA,0,NA,0,NA,0,NA,0,NA,0,NA,0,NA,0,NA,0,NA,0,NA,0,NA,0,NA,0,NA
"28",2022-05-31,2,"BBS/UC Spring, DVS NA",0,NA,0,NA,0,NA,1,"BBS Upland",0,NA,0,NA,0,NA,0,NA,0,NA,0,NA,0,NA,0,NA,1,"BBS Upland",0,NA,0,NA,0,NA,0,NA,0,NA,10,1,"BBS/UC Spring, DVS NA",0,NA,0,NA,0,NA,1,"BBS Upland",0,NA,0,NA,0,NA,0,NA,0,NA,0,NA,0,NA,0,NA,1,"BBS Upland",0,NA,0,NA,0,NA,0,NA,0,NA
"29",2022-06-01,1,"BBS/UC Spring",0,NA,0,NA,0,NA,1,"BBS/UC Spring",0,NA,0,NA,0,NA,0,NA,0,NA,0,NA,0,NA,0,NA,0,NA,0,NA,0,NA,0,NA,0,NA,0,NA,10,1,"BBS/UC Spring",0,NA,0,NA,0,NA,1,"BBS/UC Spring",0,NA,0,NA,0,NA,0,NA,0,NA,0,NA,0,NA,0,NA,0,NA,0,NA,0,NA,0,NA,0,NA,0,NA
"30",2022-06-02,0,NA,0,NA,0,NA,0,NA,1,"BBS Upland",0,NA,0,NA,0,NA,0,NA,0,NA,0,NA,0,NA,0,NA,0,NA,0,NA,0,NA,0,NA,0,NA,0,NA,10,0,NA,0,NA,0,NA,0,NA,1,"BBS Upland",0,NA,0,NA,0,NA,0,NA,0,NA,0,NA,0,NA,0,NA,0,NA,0,NA,0,NA,0,NA,0,NA,0,NA
"31",2022-06-03,0,NA,0,NA,0,NA,0,NA,0,NA,0,NA,0,NA,0,NA,0,NA,0,NA,0,NA,0,NA,0,NA,0,NA,0,NA,0,NA,0,NA,0,NA,0,NA,10,0,NA,0,NA,0,NA,0,NA,0,NA,0,NA,0,NA,0,NA,0,NA,0,NA,0,NA,0,NA,0,NA,0,NA,0,NA,0,NA,0,NA,0,NA,0,NA
"32",2022-06-04,1,"DVS UIF",0,NA,0,NA,0,NA,0,NA,0,NA,0,NA,0,NA,0,NA,0,NA,0,NA,0,NA,0,NA,0,NA,0,NA,0,NA,0,NA,0,NA,0,NA,10,1,"DVS UIF",0,NA,0,NA,0,NA,0,NA,0,NA,0,NA,0,NA,0,NA,0,NA,0,NA,0,NA,0,NA,0,NA,0,NA,0,NA,0,NA,0,NA,0,NA
"33",2022-06-05,0,NA,0,NA,0,NA,0,NA,1,"BBS Upland",0,NA,0,NA,0,NA,0,NA,0,NA,0,NA,0,NA,0,NA,0,NA,0,NA,0,NA,0,NA,0,NA,0,NA,12,0,NA,0,NA,0,NA,0,NA,1,"BBS Upland",0,NA,0,NA,0,NA,0,NA,0,NA,0,NA,0,NA,0,NA,0,NA,0,NA,0,NA,0,NA,0,NA,0,NA
"34",2022-06-06,3,"DVS UIF, DVS UIF, DVS Spring",0,NA,0,NA,0,NA,2,"BBS Spring, DVS Spring",0,NA,2,"UIS Spring, DVS UIF",0,NA,0,NA,0,NA,0,NA,0,NA,0,NA,0,NA,0,NA,0,NA,0,NA,0,NA,0,NA,14,1,"DVS UIF, DVS UIF, DVS Spring",0,NA,0,NA,0,NA,1,"BBS Spring, DVS Spring",0,NA,1,"UIS Spring, DVS UIF",0,NA,0,NA,0,NA,0,NA,0,NA,0,NA,0,NA,0,NA,0,NA,0,NA,0,NA,0,NA
"35",2022-06-07,1,"DVS Spring",0,NA,0,NA,2,"DVS UIF, DVS UIF",1,"BBS Upland",0,NA,0,NA,0,NA,1,"MH Upland",0,NA,0,NA,0,NA,0,NA,0,NA,0,NA,0,NA,0,NA,0,NA,0,NA,14,1,"DVS Spring",0,NA,0,NA,1,"DVS UIF, DVS UIF",1,"BBS Upland",0,NA,0,NA,0,NA,1,"MH Upland",0,NA,0,NA,0,NA,0,NA,0,NA,0,NA,0,NA,0,NA,0,NA,0,NA
"36",2022-06-08,2,"UIS Spring, DVS Spring",0,NA,0,NA,0,NA,1,"DVS Spring",0,NA,0,NA,0,NA,0,NA,0,NA,0,NA,0,NA,0,NA,0,NA,0,NA,0,NA,0,NA,0,NA,0,NA,14,1,"UIS Spring, DVS Spring",0,NA,0,NA,0,NA,1,"DVS Spring",0,NA,0,NA,0,NA,0,NA,0,NA,0,NA,0,NA,0,NA,0,NA,0,NA,0,NA,0,NA,0,NA,0,NA
"37",2022-06-09,1,"BBS Spring",0,NA,0,NA,0,NA,1,"UIS Spring",0,NA,2,"UIS Spring, DVS UIF",0,NA,0,NA,0,NA,0,NA,0,NA,0,NA,0,NA,0,NA,0,NA,0,NA,0,NA,0,NA,14,1,"BBS Spring",0,NA,0,NA,0,NA,1,"UIS Spring",0,NA,1,"UIS Spring, DVS UIF",0,NA,0,NA,0,NA,0,NA,0,NA,0,NA,0,NA,0,NA,0,NA,0,NA,0,NA,0,NA
"38",2022-06-10,3,"UIS Spring, BBS Spring, DVS Spring",0,NA,2,"DVS UIF, DVS Spring",0,NA,1,"DVS Spring",1,"MH Upland",1,"DVS UIF",0,NA,0,NA,0,NA,0,NA,0,NA,0,NA,0,NA,0,NA,0,NA,0,NA,0,NA,0,NA,14,1,"UIS Spring, BBS Spring, DVS Spring",0,NA,1,"DVS UIF, DVS Spring",0,NA,1,"DVS Spring",1,"MH Upland",1,"DVS UIF",0,NA,0,NA,0,NA,0,NA,0,NA,0,NA,0,NA,0,NA,0,NA,0,NA,0,NA,0,NA
"39",2022-06-11,4,"BBS Spring, DVS UIF, DVS UIF, BBS Upland",0,NA,0,NA,0,NA,1,"DVS Spring",1,"DVS UIF",1,"UIS Spring",0,NA,0,NA,0,NA,0,NA,0,NA,0,NA,0,NA,0,NA,0,NA,0,NA,0,NA,0,NA,14,1,"BBS Spring, DVS UIF, DVS UIF, BBS Upland",0,NA,0,NA,0,NA,1,"DVS Spring",1,"DVS UIF",1,"UIS Spring",0,NA,0,NA,0,NA,0,NA,0,NA,0,NA,0,NA,0,NA,0,NA,0,NA,0,NA,0,NA
"40",2022-06-12,0,NA,0,NA,0,NA,0,NA,0,NA,0,NA,0,NA,0,NA,0,NA,0,NA,0,NA,0,NA,0,NA,0,NA,0,NA,0,NA,0,NA,0,NA,0,NA,14,0,NA,0,NA,0,NA,0,NA,0,NA,0,NA,0,NA,0,NA,0,NA,0,NA,0,NA,0,NA,0,NA,0,NA,0,NA,0,NA,0,NA,0,NA,0,NA
"41",2022-06-13,1,"DVS UIF",0,NA,0,NA,0,NA,2,"DVS UIF, DVS Spring",0,NA,1,"MH Upland",0,NA,0,NA,0,NA,0,NA,1,"MH Upland",0,NA,0,NA,1,"BBS Spring",0,NA,0,NA,0,NA,0,NA,14,1,"DVS UIF",0,NA,0,NA,0,NA,1,"DVS UIF, DVS Spring",0,NA,1,"MH Upland",0,NA,0,NA,0,NA,0,NA,1,"MH Upland",0,NA,0,NA,1,"BBS Spring",0,NA,0,NA,0,NA,0,NA
"42",2022-06-14,2,"DVS UIF, DVS UIF",0,NA,2,"DVS UIF, DVS Spring",0,NA,3,"DVS UIF, BBS Upland, DVS Spring",0,NA,0,NA,0,NA,0,NA,0,NA,0,NA,0,NA,0,NA,0,NA,1,"BBS Spring",0,NA,0,NA,0,NA,0,NA,14,1,"DVS UIF, DVS UIF",0,NA,1,"DVS UIF, DVS Spring",0,NA,1,"DVS UIF, BBS Upland, DVS Spring",0,NA,0,NA,0,NA,0,NA,0,NA,0,NA,0,NA,0,NA,0,NA,1,"BBS Spring",0,NA,0,NA,0,NA,0,NA
"43",2022-06-15,1,"DVS UIF",0,NA,0,NA,0,NA,1,"UIS Spring",0,NA,1,"DVS UIF",0,NA,0,NA,0,NA,0,NA,0,NA,0,NA,0,NA,0,NA,0,NA,0,NA,0,NA,0,NA,14,1,"DVS UIF",0,NA,0,NA,0,NA,1,"UIS Spring",0,NA,1,"DVS UIF",0,NA,0,NA,0,NA,0,NA,0,NA,0,NA,0,NA,0,NA,0,NA,0,NA,0,NA,0,NA
"44",2022-06-16,3,"DVS UIF, DVS UIF, BBS Upland",0,NA,1,"UIS Spring",0,NA,1,"BBS Upland",1,"UIS Spring",0,NA,0,NA,0,NA,0,NA,0,NA,1,"MH Upland",0,NA,0,NA,0,NA,0,NA,0,NA,0,NA,0,NA,14,1,"DVS UIF, DVS UIF, BBS Upland",0,NA,1,"UIS Spring",0,NA,1,"BBS Upland",1,"UIS Spring",0,NA,0,NA,0,NA,0,NA,0,NA,1,"MH Upland",0,NA,0,NA,0,NA,0,NA,0,NA,0,NA,0,NA
"45",2022-06-17,6,"BBS Upland, BBS Upland, BBS Spring, DVS UIF, UIS Spring, BBS Upland",0,NA,0,NA,0,NA,0,NA,0,NA,0,NA,0,NA,0,NA,0,NA,0,NA,0,NA,0,NA,0,NA,0,NA,0,NA,0,NA,0,NA,0,NA,14,1,"BBS Upland, BBS Upland, BBS Spring, DVS UIF, UIS Spring, BBS Upland",0,NA,0,NA,0,NA,0,NA,0,NA,0,NA,0,NA,0,NA,0,NA,0,NA,0,NA,0,NA,0,NA,0,NA,0,NA,0,NA,0,NA,0,NA
"46",2022-06-18,2,"BBS Upland, BBS Upland",0,NA,1,"DVS UIF",0,NA,1,"DVS Spring",0,NA,0,NA,0,NA,0,NA,0,NA,0,NA,0,NA,0,NA,0,NA,0,NA,0,NA,0,NA,0,NA,0,NA,14,1,"BBS Upland, BBS Upland",0,NA,1,"DVS UIF",0,NA,1,"DVS Spring",0,NA,0,NA,0,NA,0,NA,0,NA,0,NA,0,NA,0,NA,0,NA,0,NA,0,NA,0,NA,0,NA,0,NA
"47",2022-06-19,0,NA,0,NA,0,NA,0,NA,1,"DVS UIF",0,NA,0,NA,0,NA,0,NA,0,NA,0,NA,0,NA,0,NA,0,NA,0,NA,0,NA,0,NA,0,NA,0,NA,14,0,NA,0,NA,0,NA,0,NA,1,"DVS UIF",0,NA,0,NA,0,NA,0,NA,0,NA,0,NA,0,NA,0,NA,0,NA,0,NA,0,NA,0,NA,0,NA,0,NA
"48",2022-06-20,1,"BBS Upland",0,NA,2,"DVS UIF, UIS Spring",0,NA,0,NA,0,NA,2,"MH Upland, DVS UIF",0,NA,0,NA,0,NA,0,NA,0,NA,0,NA,0,NA,0,NA,0,NA,0,NA,0,NA,0,NA,14,1,"BBS Upland",0,NA,1,"DVS UIF, UIS Spring",0,NA,0,NA,0,NA,1,"MH Upland, DVS UIF",0,NA,0,NA,0,NA,0,NA,0,NA,0,NA,0,NA,0,NA,0,NA,0,NA,0,NA,0,NA
"49",2022-06-21,5,"BBS Upland, BBS Upland, BBS Spring, DVS UIF, BBS Upland",0,NA,0,NA,0,NA,3,"BBS Upland, BBS Spring, DVS Spring",0,NA,0,NA,0,NA,1,"BBS Upland",0,NA,0,NA,0,NA,0,NA,0,NA,0,NA,0,NA,0,NA,0,NA,0,NA,14,1,"BBS Upland, BBS Upland, BBS Spring, DVS UIF, BBS Upland",0,NA,0,NA,0,NA,1,"BBS Upland, BBS Spring, DVS Spring",0,NA,0,NA,0,NA,1,"BBS Upland",0,NA,0,NA,0,NA,0,NA,0,NA,0,NA,0,NA,0,NA,0,NA,0,NA
"50",2022-06-22,2,"BBS Upland, BBS Spring",0,NA,0,NA,0,NA,2,"MH Upland, DVS Spring",0,NA,0,NA,0,NA,0,NA,0,NA,1,"DVS UIF",0,NA,0,NA,0,NA,0,NA,0,NA,0,NA,0,NA,0,NA,14,1,"BBS Upland, BBS Spring",0,NA,0,NA,0,NA,1,"MH Upland, DVS Spring",0,NA,0,NA,0,NA,0,NA,0,NA,1,"DVS UIF",0,NA,0,NA,0,NA,0,NA,0,NA,0,NA,0,NA,0,NA
"51",2022-06-23,5,"UIS Spring, BBS Upland, UIS Spring, BBS Upland, BBS Upland",0,NA,0,NA,0,NA,0,NA,0,NA,0,NA,0,NA,0,NA,0,NA,0,NA,0,NA,0,NA,0,NA,0,NA,0,NA,0,NA,0,NA,0,NA,14,1,"UIS Spring, BBS Upland, UIS Spring, BBS Upland, BBS Upland",0,NA,0,NA,0,NA,0,NA,0,NA,0,NA,0,NA,0,NA,0,NA,0,NA,0,NA,0,NA,0,NA,0,NA,0,NA,0,NA,0,NA,0,NA
"52",2022-06-24,2,"BBS Upland, BBS Upland",0,NA,0,NA,0,NA,2,"BBS Upland, DVS Spring",0,NA,0,NA,1,"MH Upland",0,NA,0,NA,0,NA,0,NA,0,NA,0,NA,0,NA,0,NA,0,NA,0,NA,0,NA,14,1,"BBS Upland, BBS Upland",0,NA,0,NA,0,NA,1,"BBS Upland, DVS Spring",0,NA,0,NA,1,"MH Upland",0,NA,0,NA,0,NA,0,NA,0,NA,0,NA,0,NA,0,NA,0,NA,0,NA,0,NA
"53",2022-06-25,2,"BBS Upland, BBS Upland",0,NA,0,NA,0,NA,3,"BBS Upland, BBS Spring, DVS Spring",0,NA,0,NA,0,NA,0,NA,0,NA,0,NA,0,NA,0,NA,0,NA,0,NA,0,NA,0,NA,0,NA,0,NA,14,1,"BBS Upland, BBS Upland",0,NA,0,NA,0,NA,1,"BBS Upland, BBS Spring, DVS Spring",0,NA,0,NA,0,NA,0,NA,0,NA,0,NA,0,NA,0,NA,0,NA,0,NA,0,NA,0,NA,0,NA,0,NA
"54",2022-06-26,1,"DVS Spring",0,NA,0,NA,0,NA,3,"BBS Upland, BBS Upland, DVS Spring",0,NA,0,NA,0,NA,0,NA,0,NA,0,NA,0,NA,0,NA,0,NA,0,NA,1,"BBS Spring",0,NA,0,NA,0,NA,14,1,"DVS Spring",0,NA,0,NA,0,NA,1,"BBS Upland, BBS Upland, DVS Spring",0,NA,0,NA,0,NA,0,NA,0,NA,0,NA,0,NA,0,NA,0,NA,0,NA,1,"BBS Spring",0,NA,0,NA,0,NA
"55",2022-06-27,2,"BBS Spring, DVS Spring",0,NA,0,NA,0,NA,4,"UIS Spring, BBS Upland, BBS Upland, BBS Spring",0,NA,1,"BBS Spring",0,NA,0,NA,0,NA,0,NA,0,NA,0,NA,0,NA,0,NA,0,NA,0,NA,0,NA,0,NA,14,1,"BBS Spring, DVS Spring",0,NA,0,NA,0,NA,1,"UIS Spring, BBS Upland, BBS Upland, BBS Spring",0,NA,1,"BBS Spring",0,NA,0,NA,0,NA,0,NA,0,NA,0,NA,0,NA,0,NA,0,NA,0,NA,0,NA,0,NA
"56",2022-06-28,1,"DVS Spring",0,NA,0,NA,0,NA,7,"MH Upland, MH Upland, BBS Upland, BBS Upland, BBS Upland, BBS Spring, BBS Spring",0,NA,1,"BBS Spring",0,NA,0,NA,0,NA,0,NA,0,NA,0,NA,0,NA,0,NA,2,"BBS Spring, BBS Spring",0,NA,0,NA,0,NA,14,1,"DVS Spring",0,NA,0,NA,0,NA,1,"MH Upland, MH Upland, BBS Upland, BBS Upland, BBS Upland, BBS Spring, BBS Spring",0,NA,1,"BBS Spring",0,NA,0,NA,0,NA,0,NA,0,NA,0,NA,0,NA,0,NA,1,"BBS Spring, BBS Spring",0,NA,0,NA,0,NA
"57",2022-06-29,1,"DVS Spring",0,NA,1,"DVS Spring",0,NA,3,"BBS Spring, BBS Spring, DVS Spring",1,"MH Upland",2,"BBS Spring, DVS Upland",2,"BBS Spring, BBS Spring",1,"BBS Spring",1,"BBS Spring",0,NA,0,NA,0,NA,0,NA,0,NA,1,"BBS Spring",1,"BBS Spring",0,NA,0,NA,14.5,1,"DVS Spring",0,NA,1,"DVS Spring",0,NA,1,"BBS Spring, BBS Spring, DVS Spring",1,"MH Upland",1,"BBS Spring, DVS Upland",1,"BBS Spring, BBS Spring",1,"BBS Spring",1,"BBS Spring",0,NA,0,NA,0,NA,0,NA,0,NA,1,"BBS Spring",1,"BBS Spring",0,NA,0,NA
"58",2022-06-30,2,"DVS UIF, DVS Spring",0,NA,0,NA,0,NA,3,"UIS Spring, BBS Spring, DVS Spring",0,NA,1,"BBS Spring",1,"BBS Spring",0,NA,1,"BBS Spring",0,NA,0,NA,0,NA,0,NA,0,NA,0,NA,1,"BBS Spring",0,NA,0,NA,15,1,"DVS UIF, DVS Spring",0,NA,0,NA,0,NA,1,"UIS Spring, BBS Spring, DVS Spring",0,NA,1,"BBS Spring",1,"BBS Spring",0,NA,1,"BBS Spring",0,NA,0,NA,0,NA,0,NA,0,NA,0,NA,1,"BBS Spring",0,NA,0,NA
"59",2022-07-01,2,"DVS Spring, DVS Spring",0,NA,0,NA,0,NA,6,"BBS Spring, BBS Spring, BBS Spring, UIS Spring, DVS Spring, DVS Spring",0,NA,2,"BBS Spring, DVS Spring",1,"BBS Spring",2,"BBS Spring, DVS Spring",1,"BBS Spring",0,NA,0,NA,0,NA,0,NA,0,NA,0,NA,1,"BBS Spring",0,NA,0,NA,15,1,"DVS Spring, DVS Spring",0,NA,0,NA,0,NA,1,"BBS Spring, BBS Spring, BBS Spring, UIS Spring, DVS Spring, DVS Spring",0,NA,1,"BBS Spring, DVS Spring",1,"BBS Spring",1,"BBS Spring, DVS Spring",1,"BBS Spring",0,NA,0,NA,0,NA,0,NA,0,NA,0,NA,1,"BBS Spring",0,NA,0,NA
"60",2022-07-02,2,"DVS Spring, DVS Spring",0,NA,1,"DVS Upland",0,NA,3,"BBS Spring, DVS Spring, DVS Spring",0,NA,1,"BBS Spring",2,"BBS Spring, BBS Spring",2,"DVS Spring, DVS Spring",1,"BBS Spring",0,NA,0,NA,0,NA,0,NA,0,NA,0,NA,1,"BBS Spring",0,NA,0,NA,15,1,"DVS Spring, DVS Spring",0,NA,1,"DVS Upland",0,NA,1,"BBS Spring, DVS Spring, DVS Spring",0,NA,1,"BBS Spring",1,"BBS Spring, BBS Spring",1,"DVS Spring, DVS Spring",1,"BBS Spring",0,NA,0,NA,0,NA,0,NA,0,NA,0,NA,1,"BBS Spring",0,NA,0,NA
"61",2022-07-03,2,"DVS Spring, DVS Spring",0,NA,1,"DVS Spring",0,NA,7,"BBS Spring, DVS UIF, BBS Spring, DVS Spring, DVS Spring, DVS Spring, DVS Spring",0,NA,4,"DVS UIF, BBS Spring, DVS Spring, DVS Spring",1,"BBS Spring",4,"DVS Spring, DVS Spring, DVS Spring, DVS Spring",0,NA,0,NA,0,NA,0,NA,1,"BBS Spring",0,NA,0,NA,0,NA,1,"BBS Spring",0,NA,15,1,"DVS Spring, DVS Spring",0,NA,1,"DVS Spring",0,NA,1,"BBS Spring, DVS UIF, BBS Spring, DVS Spring, DVS Spring, DVS Spring, DVS Spring",0,NA,1,"DVS UIF, BBS Spring, DVS Spring, DVS Spring",1,"BBS Spring",1,"DVS Spring, DVS Spring, DVS Spring, DVS Spring",0,NA,0,NA,0,NA,0,NA,1,"BBS Spring",0,NA,0,NA,0,NA,1,"BBS Spring",0,NA
"62",2022-07-04,3,"DVS Spring, DVS Spring, DVS Spring",0,NA,0,NA,0,NA,5,"BBS Spring, BBS Spring, DVS Spring, DVS Spring, DVS Spring",0,NA,0,NA,1,"BBS Spring",2,"DVS Spring, DVS Spring",0,NA,0,NA,0,NA,0,NA,1,"BBS Spring",0,NA,0,NA,0,NA,0,NA,0,NA,15,1,"DVS Spring, DVS Spring, DVS Spring",0,NA,0,NA,0,NA,1,"BBS Spring, BBS Spring, DVS Spring, DVS Spring, DVS Spring",0,NA,0,NA,1,"BBS Spring",1,"DVS Spring, DVS Spring",0,NA,0,NA,0,NA,0,NA,1,"BBS Spring",0,NA,0,NA,0,NA,0,NA,0,NA
"63",2022-07-05,4,"DVS UIF, BBS Spring, DVS Spring, DVS Spring",1,"DVS UIF",0,NA,0,NA,5,"UIS Spring, BBS Spring, DVS Spring, DVS Spring, DVS Spring",0,NA,1,"BBS Spring",1,"BBS Spring",4,"BBS Spring, DVS Spring, DVS Spring, DVS Spring",2,"MH Upland, BBS Spring",0,NA,0,NA,0,NA,0,NA,0,NA,0,NA,0,NA,0,NA,0,NA,15,1,"DVS UIF, BBS Spring, DVS Spring, DVS Spring",1,"DVS UIF",0,NA,0,NA,1,"UIS Spring, BBS Spring, DVS Spring, DVS Spring, DVS Spring",0,NA,1,"BBS Spring",1,"BBS Spring",1,"BBS Spring, DVS Spring, DVS Spring, DVS Spring",1,"MH Upland, BBS Spring",0,NA,0,NA,0,NA,0,NA,0,NA,0,NA,0,NA,0,NA,0,NA
"64",2022-07-06,4,"DVS UIF, BBS Spring, BBS Spring, BBS Upland",0,NA,0,NA,0,NA,3,"DVS UIF, BBS Spring, BBS Spring",1,"UIS Spring",0,NA,1,"BBS Spring",1,"BBS Spring",1,"BBS Spring",0,NA,0,NA,0,NA,0,NA,0,NA,0,NA,1,"BBS Spring",0,NA,0,NA,15,1,"DVS UIF, BBS Spring, BBS Spring, BBS Upland",0,NA,0,NA,0,NA,1,"DVS UIF, BBS Spring, BBS Spring",1,"UIS Spring",0,NA,1,"BBS Spring",1,"BBS Spring",1,"BBS Spring",0,NA,0,NA,0,NA,0,NA,0,NA,0,NA,1,"BBS Spring",0,NA,0,NA
"65",2022-07-07,3,"DVS UIF, BBS Upland, DVS Upland",0,NA,0,NA,0,NA,5,"UIS Spring, BBS Upland, BBS Spring, DVS UIF, BBS Spring",0,NA,1,"BBS Spring",1,"BBS Spring",0,NA,0,NA,0,NA,0,NA,0,NA,0,NA,0,NA,0,NA,0,NA,0,NA,0,NA,14.5,1,"DVS UIF, BBS Upland, DVS Upland",0,NA,0,NA,0,NA,1,"UIS Spring, BBS Upland, BBS Spring, DVS UIF, BBS Spring",0,NA,1,"BBS Spring",1,"BBS Spring",0,NA,0,NA,0,NA,0,NA,0,NA,0,NA,0,NA,0,NA,0,NA,0,NA,0,NA
"66",2022-07-08,1,"DVS UIF",0,NA,0,NA,0,NA,2,"MH Upland, BBS Spring",0,NA,0,NA,0,NA,0,NA,0,NA,0,NA,0,NA,0,NA,0,NA,0,NA,0,NA,0,NA,0,NA,0,NA,14,1,"DVS UIF",0,NA,0,NA,0,NA,1,"MH Upland, BBS Spring",0,NA,0,NA,0,NA,0,NA,0,NA,0,NA,0,NA,0,NA,0,NA,0,NA,0,NA,0,NA,0,NA,0,NA
"67",2022-07-09,2,"DVS UIF, DVS Upland",1,"DVS Upland",1,"UIS Spring",0,NA,2,"UIS Spring, DVS Upland",0,NA,0,NA,1,"UIS Spring",0,NA,0,NA,0,NA,0,NA,0,NA,0,NA,0,NA,0,NA,0,NA,0,NA,0,NA,14,1,"DVS UIF, DVS Upland",1,"DVS Upland",1,"UIS Spring",0,NA,1,"UIS Spring, DVS Upland",0,NA,0,NA,1,"UIS Spring",0,NA,0,NA,0,NA,0,NA,0,NA,0,NA,0,NA,0,NA,0,NA,0,NA,0,NA
"68",2022-07-10,2,"DVS UIF, BBS Upland",0,NA,0,NA,0,NA,3,"MH Upland, UIS Spring, BBS Spring",0,NA,1,"DVS UIF",0,NA,0,NA,0,NA,0,NA,0,NA,0,NA,0,NA,0,NA,0,NA,0,NA,0,NA,0,NA,13.5,1,"DVS UIF, BBS Upland",0,NA,0,NA,0,NA,1,"MH Upland, UIS Spring, BBS Spring",0,NA,1,"DVS UIF",0,NA,0,NA,0,NA,0,NA,0,NA,0,NA,0,NA,0,NA,0,NA,0,NA,0,NA,0,NA
"69",2022-07-11,5,"MH Upland, MH Upland, MH Upland, DVS UIF, BBS Upland",0,NA,0,NA,0,NA,1,"BBS Spring",1,"UIS Spring",1,"DVS UIF",0,NA,0,NA,0,NA,0,NA,0,NA,0,NA,0,NA,0,NA,0,NA,0,NA,0,NA,0,NA,13,1,"MH Upland, MH Upland, MH Upland, DVS UIF, BBS Upland",0,NA,0,NA,0,NA,1,"BBS Spring",1,"UIS Spring",1,"DVS UIF",0,NA,0,NA,0,NA,0,NA,0,NA,0,NA,0,NA,0,NA,0,NA,0,NA,0,NA,0,NA
"70",2022-07-12,0,NA,0,NA,0,NA,0,NA,3,"MH Upland, BBS Spring, DVS UIF",0,NA,0,NA,0,NA,0,NA,0,NA,0,NA,0,NA,0,NA,0,NA,0,NA,0,NA,0,NA,0,NA,0,NA,13,0,NA,0,NA,0,NA,0,NA,1,"MH Upland, BBS Spring, DVS UIF",0,NA,0,NA,0,NA,0,NA,0,NA,0,NA,0,NA,0,NA,0,NA,0,NA,0,NA,0,NA,0,NA,0,NA
"71",2022-07-13,2,"MH Upland, BBS Upland",0,NA,1,"BBS Spring",0,NA,2,"MH Upland, UIS Spring",0,NA,0,NA,0,NA,0,NA,0,NA,0,NA,0,NA,0,NA,0,NA,0,NA,0,NA,0,NA,0,NA,0,NA,12.5,1,"MH Upland, BBS Upland",0,NA,1,"BBS Spring",0,NA,1,"MH Upland, UIS Spring",0,NA,0,NA,0,NA,0,NA,0,NA,0,NA,0,NA,0,NA,0,NA,0,NA,0,NA,0,NA,0,NA,0,NA
"72",2022-07-14,3,"DVS UIF, BBS Upland, DVS Upland",1,"DVS UIF",2,"BBS Spring, DVS Upland",0,NA,1,"BBS Spring",0,NA,1,"MH Upland",1,"MH Upland",0,NA,0,NA,0,NA,0,NA,0,NA,0,NA,0,NA,0,NA,0,NA,0,NA,0,NA,12,1,"DVS UIF, BBS Upland, DVS Upland",1,"DVS UIF",1,"BBS Spring, DVS Upland",0,NA,1,"BBS Spring",0,NA,1,"MH Upland",1,"MH Upland",0,NA,0,NA,0,NA,0,NA,0,NA,0,NA,0,NA,0,NA,0,NA,0,NA,0,NA
"73",2022-07-15,3,"BBS Upland, BBS Upland, DVS Upland",0,NA,0,NA,0,NA,2,"MH Upland, DVS Upland",0,NA,0,NA,0,NA,0,NA,1,"MH Upland",0,NA,0,NA,0,NA,0,NA,0,NA,0,NA,0,NA,0,NA,0,NA,12,1,"BBS Upland, BBS Upland, DVS Upland",0,NA,0,NA,0,NA,1,"MH Upland, DVS Upland",0,NA,0,NA,0,NA,0,NA,1,"MH Upland",0,NA,0,NA,0,NA,0,NA,0,NA,0,NA,0,NA,0,NA,0,NA
"74",2022-07-16,3,"MH Upland, BBS Upland, DVS Upland",1,"BBS Upland",2,"UIS Spring, DVS Upland",0,NA,0,NA,0,NA,0,NA,0,NA,0,NA,0,NA,0,NA,0,NA,0,NA,0,NA,0,NA,0,NA,0,NA,0,NA,0,NA,12,1,"MH Upland, BBS Upland, DVS Upland",1,"BBS Upland",1,"UIS Spring, DVS Upland",0,NA,0,NA,0,NA,0,NA,0,NA,0,NA,0,NA,0,NA,0,NA,0,NA,0,NA,0,NA,0,NA,0,NA,0,NA,0,NA
"75",2022-07-17,3,"BBS Upland, BBS Upland, BBS Upland",0,NA,1,"BBS Spring",0,NA,1,"MH Upland",0,NA,0,NA,0,NA,0,NA,0,NA,0,NA,0,NA,0,NA,0,NA,0,NA,0,NA,0,NA,0,NA,0,NA,12,1,"BBS Upland, BBS Upland, BBS Upland",0,NA,1,"BBS Spring",0,NA,1,"MH Upland",0,NA,0,NA,0,NA,0,NA,0,NA,0,NA,0,NA,0,NA,0,NA,0,NA,0,NA,0,NA,0,NA,0,NA
"76",2022-07-18,1,"BBS Upland",0,NA,1,"BBS Spring",0,NA,4,"MH Upland, UIS Spring, BBS Upland, BBS Spring",0,NA,0,NA,0,NA,0,NA,0,NA,0,NA,0,NA,0,NA,0,NA,0,NA,0,NA,0,NA,0,NA,0,NA,12,1,"BBS Upland",0,NA,1,"BBS Spring",0,NA,1,"MH Upland, UIS Spring, BBS Upland, BBS Spring",0,NA,0,NA,0,NA,0,NA,0,NA,0,NA,0,NA,0,NA,0,NA,0,NA,0,NA,0,NA,0,NA,0,NA
"77",2022-07-19,1,"BBS Upland",0,NA,1,"BBS Spring",1,"DVS UIF",1,"BBS Spring",0,NA,0,NA,0,NA,0,NA,0,NA,0,NA,0,NA,0,NA,0,NA,0,NA,0,NA,0,NA,0,NA,0,NA,12,1,"BBS Upland",0,NA,1,"BBS Spring",1,"DVS UIF",1,"BBS Spring",0,NA,0,NA,0,NA,0,NA,0,NA,0,NA,0,NA,0,NA,0,NA,0,NA,0,NA,0,NA,0,NA,0,NA
"78",2022-07-20,2,"BBS Upland, DVS Upland",0,NA,1,"DVS Upland",0,NA,0,NA,0,NA,0,NA,1,"MH Upland",1,"MH Upland",0,NA,0,NA,0,NA,0,NA,0,NA,0,NA,0,NA,0,NA,0,NA,0,NA,12,1,"BBS Upland, DVS Upland",0,NA,1,"DVS Upland",0,NA,0,NA,0,NA,0,NA,1,"MH Upland",1,"MH Upland",0,NA,0,NA,0,NA,0,NA,0,NA,0,NA,0,NA,0,NA,0,NA,0,NA
"79",2022-07-21,2,"BBS Upland, BBS Upland",1,"BBS Spring",2,"BBS Upland, UIS Spring",0,NA,2,"MH Upland, BBS Spring",0,NA,0,NA,0,NA,0,NA,0,NA,0,NA,0,NA,0,NA,0,NA,0,NA,0,NA,0,NA,0,NA,0,NA,12,1,"BBS Upland, BBS Upland",1,"BBS Spring",1,"BBS Upland, UIS Spring",0,NA,1,"MH Upland, BBS Spring",0,NA,0,NA,0,NA,0,NA,0,NA,0,NA,0,NA,0,NA,0,NA,0,NA,0,NA,0,NA,0,NA,0,NA
"80",2022-07-22,3,"BBS Spring, UIS Spring, BBS Upland",0,NA,0,NA,0,NA,1,"UIS Spring",0,NA,0,NA,1,"MH Upland",0,NA,0,NA,0,NA,0,NA,0,NA,0,NA,0,NA,0,NA,0,NA,0,NA,0,NA,12,1,"BBS Spring, UIS Spring, BBS Upland",0,NA,0,NA,0,NA,1,"UIS Spring",0,NA,0,NA,1,"MH Upland",0,NA,0,NA,0,NA,0,NA,0,NA,0,NA,0,NA,0,NA,0,NA,0,NA,0,NA
"81",2022-07-23,2,"BBS Upland, BBS Upland",1,"DVS Upland",2,"BBS Spring, UIS Spring",0,NA,2,"MH Upland, DVS Upland",0,NA,0,NA,0,NA,1,"MH Upland",0,NA,0,NA,0,NA,0,NA,0,NA,0,NA,0,NA,0,NA,0,NA,0,NA,12,1,"BBS Upland, BBS Upland",1,"DVS Upland",1,"BBS Spring, UIS Spring",0,NA,1,"MH Upland, DVS Upland",0,NA,0,NA,0,NA,1,"MH Upland",0,NA,0,NA,0,NA,0,NA,0,NA,0,NA,0,NA,0,NA,0,NA,0,NA
"82",2022-07-24,7,"MH Upland, MH Upland, BBS Upland, BBS Spring, UIS Spring, BBS Upland, DVS Upland",0,NA,1,"DVS Upland",0,NA,1,"MH Upland",2,"MH Upland, UIS Spring",0,NA,0,NA,0,NA,0,NA,0,NA,0,NA,0,NA,0,NA,0,NA,0,NA,0,NA,0,NA,0,NA,12,1,"MH Upland, MH Upland, BBS Upland, BBS Spring, UIS Spring, BBS Upland, DVS Upland",0,NA,1,"DVS Upland",0,NA,1,"MH Upland",1,"MH Upland, UIS Spring",0,NA,0,NA,0,NA,0,NA,0,NA,0,NA,0,NA,0,NA,0,NA,0,NA,0,NA,0,NA,0,NA
"83",2022-07-25,5,"MH Upland, BBS Upland, BBS Upland, BBS Spring, BBS Upland",0,NA,1,"MH Upland",0,NA,2,"UIS Spring, BBS Spring",0,NA,0,NA,0,NA,0,NA,0,NA,0,NA,0,NA,0,NA,0,NA,0,NA,0,NA,0,NA,0,NA,0,NA,12,1,"MH Upland, BBS Upland, BBS Upland, BBS Spring, BBS Upland",0,NA,1,"MH Upland",0,NA,1,"UIS Spring, BBS Spring",0,NA,0,NA,0,NA,0,NA,0,NA,0,NA,0,NA,0,NA,0,NA,0,NA,0,NA,0,NA,0,NA,0,NA
"84",2022-07-26,4,"BBS Spring, UIS Spring, BBS Upland, BBS Upland",1,"DVS Upland",0,NA,0,NA,1,"BBS Spring",0,NA,0,NA,0,NA,0,NA,0,NA,0,NA,0,NA,0,NA,0,NA,0,NA,0,NA,0,NA,0,NA,0,NA,12,1,"BBS Spring, UIS Spring, BBS Upland, BBS Upland",1,"DVS Upland",0,NA,0,NA,1,"BBS Spring",0,NA,0,NA,0,NA,0,NA,0,NA,0,NA,0,NA,0,NA,0,NA,0,NA,0,NA,0,NA,0,NA,0,NA
"85",2022-07-27,4,"UIS Spring, UIS Spring, BBS Upland, BBS Upland",0,NA,0,NA,1,"DVS UIF",1,"BBS Upland",0,NA,0,NA,0,NA,1,"MH Upland",0,NA,0,NA,0,NA,0,NA,0,NA,0,NA,0,NA,0,NA,0,NA,0,NA,12,1,"UIS Spring, UIS Spring, BBS Upland, BBS Upland",0,NA,0,NA,1,"DVS UIF",1,"BBS Upland",0,NA,0,NA,0,NA,1,"MH Upland",0,NA,0,NA,0,NA,0,NA,0,NA,0,NA,0,NA,0,NA,0,NA,0,NA
"86",2022-07-28,5,"BBS Upland, BBS Spring, UIS Spring, BBS Upland, BBS Upland",2,"DVS UIF, DVS Upland",1,"UIS Spring",0,NA,2,"BBS Upland, DVS Upland",0,NA,0,NA,0,NA,0,NA,1,"MH Upland",0,NA,0,NA,0,NA,0,NA,0,NA,0,NA,0,NA,0,NA,0,NA,12,1,"BBS Upland, BBS Spring, UIS Spring, BBS Upland, BBS Upland",1,"DVS UIF, DVS Upland",1,"UIS Spring",0,NA,1,"BBS Upland, DVS Upland",0,NA,0,NA,0,NA,0,NA,1,"MH Upland",0,NA,0,NA,0,NA,0,NA,0,NA,0,NA,0,NA,0,NA,0,NA
"87",2022-07-29,5,"BBS Spring, BBS Spring, BBS Spring, UIS Spring, BBS Upland",0,NA,0,NA,0,NA,0,NA,0,NA,0,NA,0,NA,0,NA,0,NA,1,"MH Upland",0,NA,0,NA,0,NA,0,NA,0,NA,0,NA,0,NA,0,NA,12,1,"BBS Spring, BBS Spring, BBS Spring, UIS Spring, BBS Upland",0,NA,0,NA,0,NA,0,NA,0,NA,0,NA,0,NA,0,NA,0,NA,1,"MH Upland",0,NA,0,NA,0,NA,0,NA,0,NA,0,NA,0,NA,0,NA
"88",2022-07-30,5,"BBS Upland, BBS Spring, UIS Spring, BBS Upland, BBS Upland",1,"DVS Upland",1,"BBS Spring",0,NA,0,NA,0,NA,0,NA,0,NA,0,NA,0,NA,0,NA,0,NA,0,NA,0,NA,0,NA,0,NA,0,NA,0,NA,0,NA,12,1,"BBS Upland, BBS Spring, UIS Spring, BBS Upland, BBS Upland",1,"DVS Upland",1,"BBS Spring",0,NA,0,NA,0,NA,0,NA,0,NA,0,NA,0,NA,0,NA,0,NA,0,NA,0,NA,0,NA,0,NA,0,NA,0,NA,0,NA
"89",2022-07-31,3,"BBS Spring, BBS Upland, BBS Upland",2,"DVS UIF, DVS Upland",0,NA,0,NA,0,NA,0,NA,0,NA,0,NA,1,"MH Upland",0,NA,0,NA,0,NA,1,"MH Upland",0,NA,0,NA,0,NA,0,NA,0,NA,0,NA,11.5,1,"BBS Spring, BBS Upland, BBS Upland",1,"DVS UIF, DVS Upland",0,NA,0,NA,0,NA,0,NA,0,NA,0,NA,1,"MH Upland",0,NA,0,NA,0,NA,1,"MH Upland",0,NA,0,NA,0,NA,0,NA,0,NA,0,NA
"90",2022-08-01,1,"BBS Upland",0,NA,0,NA,0,NA,1,"BBS Upland",0,NA,0,NA,0,NA,0,NA,0,NA,0,NA,0,NA,0,NA,0,NA,0,NA,0,NA,0,NA,0,NA,0,NA,11,1,"BBS Upland",0,NA,0,NA,0,NA,1,"BBS Upland",0,NA,0,NA,0,NA,0,NA,0,NA,0,NA,0,NA,0,NA,0,NA,0,NA,0,NA,0,NA,0,NA,0,NA
"91",2022-08-02,2,"BBS Upland, BBS Upland",1,"DVS UIF",0,NA,1,"DVS UIF",0,NA,0,NA,0,NA,0,NA,0,NA,0,NA,0,NA,0,NA,0,NA,0,NA,0,NA,0,NA,0,NA,0,NA,0,NA,11,1,"BBS Upland, BBS Upland",1,"DVS UIF",0,NA,1,"DVS UIF",0,NA,0,NA,0,NA,0,NA,0,NA,0,NA,0,NA,0,NA,0,NA,0,NA,0,NA,0,NA,0,NA,0,NA,0,NA
"92",2022-08-03,2,"BBS Upland, BBS Upland",0,NA,0,NA,0,NA,1,"MH Upland",0,NA,0,NA,0,NA,0,NA,0,NA,0,NA,0,NA,0,NA,0,NA,0,NA,0,NA,0,NA,0,NA,0,NA,11,1,"BBS Upland, BBS Upland",0,NA,0,NA,0,NA,1,"MH Upland",0,NA,0,NA,0,NA,0,NA,0,NA,0,NA,0,NA,0,NA,0,NA,0,NA,0,NA,0,NA,0,NA,0,NA
"93",2022-08-04,2,"BBS Upland, BBS Upland",0,NA,0,NA,0,NA,0,NA,0,NA,0,NA,0,NA,0,NA,0,NA,0,NA,0,NA,0,NA,0,NA,0,NA,0,NA,0,NA,0,NA,0,NA,10.5,1,"BBS Upland, BBS Upland",0,NA,0,NA,0,NA,0,NA,0,NA,0,NA,0,NA,0,NA,0,NA,0,NA,0,NA,0,NA,0,NA,0,NA,0,NA,0,NA,0,NA,0,NA
"94",2022-08-05,2,"BBS Upland, DVS Upland",0,NA,1,"DVS Upland",0,NA,1,"BBS Upland",0,NA,0,NA,0,NA,0,NA,0,NA,0,NA,0,NA,0,NA,0,NA,0,NA,0,NA,0,NA,0,NA,0,NA,9.5,1,"BBS Upland, DVS Upland",0,NA,1,"DVS Upland",0,NA,1,"BBS Upland",0,NA,0,NA,0,NA,0,NA,0,NA,0,NA,0,NA,0,NA,0,NA,0,NA,0,NA,0,NA,0,NA,0,NA
"95",2022-08-06,2,"BBS/UC Spring, BBS Upland",0,NA,0,NA,0,NA,0,NA,0,NA,0,NA,0,NA,0,NA,0,NA,0,NA,0,NA,0,NA,0,NA,0,NA,0,NA,0,NA,0,NA,0,NA,8,1,"BBS/UC Spring, BBS Upland",0,NA,0,NA,0,NA,0,NA,0,NA,0,NA,0,NA,0,NA,0,NA,0,NA,0,NA,0,NA,0,NA,0,NA,0,NA,0,NA,0,NA,0,NA
"96",2022-08-07,3,"UIS Spring, BBS Upland, BBS Upland",0,NA,0,NA,0,NA,0,NA,0,NA,0,NA,1,"BBS/UC Spring",1,"BBS/UC Spring",0,NA,0,NA,0,NA,0,NA,0,NA,0,NA,0,NA,0,NA,0,NA,0,NA,6,1,"UIS Spring, BBS Upland, BBS Upland",0,NA,0,NA,0,NA,0,NA,0,NA,0,NA,1,"BBS/UC Spring",1,"BBS/UC Spring",0,NA,0,NA,0,NA,0,NA,0,NA,0,NA,0,NA,0,NA,0,NA,0,NA
"97",2022-08-08,1,"BBS Upland",0,NA,0,NA,0,NA,1,"BBS Spring",0,NA,0,NA,1,"BBS Spring",0,NA,0,NA,0,NA,0,NA,0,NA,0,NA,0,NA,1,"BBS Spring",0,NA,0,NA,0,NA,5,1,"BBS Upland",0,NA,0,NA,0,NA,1,"BBS Spring",0,NA,0,NA,1,"BBS Spring",0,NA,0,NA,0,NA,0,NA,0,NA,0,NA,0,NA,1,"BBS Spring",0,NA,0,NA,0,NA
"98",2022-08-09,1,"BBS Upland",0,NA,0,NA,0,NA,1,"BBS Spring",0,NA,0,NA,0,NA,1,"BBS Spring",0,NA,0,NA,0,NA,0,NA,0,NA,0,NA,1,"BBS Spring",0,NA,0,NA,0,NA,5,1,"BBS Upland",0,NA,0,NA,0,NA,1,"BBS Spring",0,NA,0,NA,0,NA,1,"BBS Spring",0,NA,0,NA,0,NA,0,NA,0,NA,0,NA,1,"BBS Spring",0,NA,0,NA,0,NA
"99",2022-08-10,2,"BBS Upland, BBS Upland",0,NA,0,NA,0,NA,0,NA,0,NA,0,NA,0,NA,0,NA,0,NA,0,NA,0,NA,0,NA,0,NA,0,NA,1,"BBS Spring",0,NA,0,NA,0,NA,5,1,"BBS Upland, BBS Upland",0,NA,0,NA,0,NA,0,NA,0,NA,0,NA,0,NA,0,NA,0,NA,0,NA,0,NA,0,NA,0,NA,0,NA,1,"BBS Spring",0,NA,0,NA,0,NA
"100",2022-08-11,5,"BBS Spring, BBS Spring, BBS Spring, BBS Spring, BBS Upland",1,"DVS Upland",0,NA,0,NA,1,"DVS Upland",1,"BBS Spring",0,NA,0,NA,1,"UIS Spring",0,NA,0,NA,0,NA,0,NA,0,NA,0,NA,0,NA,0,NA,0,NA,0,NA,4.5,1,"BBS Spring, BBS Spring, BBS Spring, BBS Spring, BBS Upland",1,"DVS Upland",0,NA,0,NA,1,"DVS Upland",1,"BBS Spring",0,NA,0,NA,1,"UIS Spring",0,NA,0,NA,0,NA,0,NA,0,NA,0,NA,0,NA,0,NA,0,NA,0,NA
"101",2022-08-12,2,"BBS Upland, BBS Upland",1,"DVS Upland",0,NA,0,NA,0,NA,0,NA,0,NA,1,"BBS Upland",0,NA,0,NA,0,NA,0,NA,0,NA,0,NA,0,NA,0,NA,0,NA,0,NA,0,NA,4,1,"BBS Upland, BBS Upland",1,"DVS Upland",0,NA,0,NA,0,NA,0,NA,0,NA,1,"BBS Upland",0,NA,0,NA,0,NA,0,NA,0,NA,0,NA,0,NA,0,NA,0,NA,0,NA,0,NA
"102",2022-08-13,1,"UIS Spring",0,NA,0,NA,0,NA,0,NA,1,"UIS Spring",0,NA,0,NA,0,NA,0,NA,0,NA,0,NA,0,NA,0,NA,0,NA,0,NA,0,NA,0,NA,0,NA,4,1,"UIS Spring",0,NA,0,NA,0,NA,0,NA,1,"UIS Spring",0,NA,0,NA,0,NA,0,NA,0,NA,0,NA,0,NA,0,NA,0,NA,0,NA,0,NA,0,NA,0,NA
"103",2022-08-14,1,"BBS Upland",0,NA,0,NA,0,NA,0,NA,0,NA,0,NA,0,NA,1,"UIS Spring",0,NA,0,NA,0,NA,0,NA,0,NA,0,NA,0,NA,0,NA,0,NA,0,NA,4,1,"BBS Upland",0,NA,0,NA,0,NA,0,NA,0,NA,0,NA,0,NA,1,"UIS Spring",0,NA,0,NA,0,NA,0,NA,0,NA,0,NA,0,NA,0,NA,0,NA,0,NA
"104",2022-08-15,1,"BBS Upland",1,"DVS Upland",0,NA,0,NA,1,"UIS Spring",0,NA,0,NA,1,"UIS Spring",0,NA,0,NA,0,NA,0,NA,0,NA,0,NA,0,NA,0,NA,0,NA,0,NA,0,NA,4,1,"BBS Upland",1,"DVS Upland",0,NA,0,NA,1,"UIS Spring",0,NA,0,NA,1,"UIS Spring",0,NA,0,NA,0,NA,0,NA,0,NA,0,NA,0,NA,0,NA,0,NA,0,NA,0,NA
"105",2022-08-16,1,"BBS Upland",0,NA,0,NA,0,NA,0,NA,0,NA,0,NA,0,NA,0,NA,0,NA,0,NA,0,NA,0,NA,0,NA,0,NA,0,NA,0,NA,0,NA,0,NA,4,1,"BBS Upland",0,NA,0,NA,0,NA,0,NA,0,NA,0,NA,0,NA,0,NA,0,NA,0,NA,0,NA,0,NA,0,NA,0,NA,0,NA,0,NA,0,NA,0,NA
"106",2022-08-17,0,NA,0,NA,0,NA,0,NA,0,NA,0,NA,0,NA,1,"UIS Spring",0,NA,0,NA,0,NA,0,NA,0,NA,0,NA,0,NA,0,NA,0,NA,0,NA,0,NA,4,0,NA,0,NA,0,NA,0,NA,0,NA,0,NA,0,NA,1,"UIS Spring",0,NA,0,NA,0,NA,0,NA,0,NA,0,NA,0,NA,0,NA,0,NA,0,NA,0,NA
"107",2022-08-18,0,NA,0,NA,0,NA,0,NA,1,"UIS Spring",0,NA,0,NA,0,NA,0,NA,0,NA,0,NA,0,NA,0,NA,0,NA,0,NA,0,NA,0,NA,0,NA,0,NA,4,0,NA,0,NA,0,NA,0,NA,1,"UIS Spring",0,NA,0,NA,0,NA,0,NA,0,NA,0,NA,0,NA,0,NA,0,NA,0,NA,0,NA,0,NA,0,NA,0,NA
"108",2022-08-19,1,"DVS Upland",0,NA,0,NA,0,NA,1,"DVS Upland",0,NA,0,NA,1,"UIS Spring",0,NA,0,NA,0,NA,0,NA,0,NA,0,NA,0,NA,0,NA,0,NA,0,NA,0,NA,4,1,"DVS Upland",0,NA,0,NA,0,NA,1,"DVS Upland",0,NA,0,NA,1,"UIS Spring",0,NA,0,NA,0,NA,0,NA,0,NA,0,NA,0,NA,0,NA,0,NA,0,NA,0,NA
"109",2022-08-20,1,"BBS Upland",1,"DVS Upland",0,NA,0,NA,1,"UIS Spring",0,NA,0,NA,0,NA,1,"UIS Spring",1,"UIS Spring",0,NA,0,NA,0,NA,0,NA,0,NA,0,NA,0,NA,0,NA,0,NA,4,1,"BBS Upland",1,"DVS Upland",0,NA,0,NA,1,"UIS Spring",0,NA,0,NA,0,NA,1,"UIS Spring",1,"UIS Spring",0,NA,0,NA,0,NA,0,NA,0,NA,0,NA,0,NA,0,NA,0,NA
"110",2022-08-21,0,NA,0,NA,0,NA,0,NA,3,"UIS Spring, UIS Spring, UIS Spring",0,NA,0,NA,2,"UIS Spring, UIS Spring",0,NA,1,"UIS Spring",0,NA,0,NA,0,NA,0,NA,0,NA,0,NA,0,NA,0,NA,0,NA,4,0,NA,0,NA,0,NA,0,NA,1,"UIS Spring, UIS Spring, UIS Spring",0,NA,0,NA,1,"UIS Spring, UIS Spring",0,NA,1,"UIS Spring",0,NA,0,NA,0,NA,0,NA,0,NA,0,NA,0,NA,0,NA,0,NA
"111",2022-08-22,0,NA,0,NA,0,NA,0,NA,1,"BBS Upland",0,NA,0,NA,0,NA,1,"UIS Spring",1,"UIS Spring",0,NA,0,NA,0,NA,0,NA,0,NA,0,NA,0,NA,0,NA,0,NA,4,0,NA,0,NA,0,NA,0,NA,1,"BBS Upland",0,NA,0,NA,0,NA,1,"UIS Spring",1,"UIS Spring",0,NA,0,NA,0,NA,0,NA,0,NA,0,NA,0,NA,0,NA,0,NA
"112",2022-08-23,1,"BBS Upland",0,NA,0,NA,0,NA,0,NA,0,NA,0,NA,2,"UIS Spring, UIS Spring",0,NA,0,NA,0,NA,0,NA,0,NA,0,NA,0,NA,0,NA,0,NA,0,NA,0,NA,4,1,"BBS Upland",0,NA,0,NA,0,NA,0,NA,0,NA,0,NA,1,"UIS Spring, UIS Spring",0,NA,0,NA,0,NA,0,NA,0,NA,0,NA,0,NA,0,NA,0,NA,0,NA,0,NA
"113",2022-08-24,0,NA,0,NA,0,NA,0,NA,1,"UIS Spring",0,NA,0,NA,1,"UIS Spring",0,NA,1,"UIS Spring",0,NA,0,NA,0,NA,0,NA,0,NA,0,NA,0,NA,0,NA,1,"UIS Spring",4,0,NA,0,NA,0,NA,0,NA,1,"UIS Spring",0,NA,0,NA,1,"UIS Spring",0,NA,1,"UIS Spring",0,NA,0,NA,0,NA,0,NA,0,NA,0,NA,0,NA,0,NA,1,"UIS Spring"
"114",2022-08-25,2,"BBS Upland, DVS Upland",0,NA,0,NA,0,NA,2,"UIS Spring, UIS Spring",0,NA,0,NA,2,"UIS Spring, UIS Spring",0,NA,1,"UIS Spring",0,NA,0,NA,0,NA,0,NA,0,NA,0,NA,0,NA,0,NA,0,NA,4,1,"BBS Upland, DVS Upland",0,NA,0,NA,0,NA,1,"UIS Spring, UIS Spring",0,NA,0,NA,1,"UIS Spring, UIS Spring",0,NA,1,"UIS Spring",0,NA,0,NA,0,NA,0,NA,0,NA,0,NA,0,NA,0,NA,0,NA
"115",2022-08-26,1,"BBS Upland",0,NA,0,NA,0,NA,4,"UIS Spring, UIS Spring, UIS Spring, BBS Upland",0,NA,0,NA,2,"UIS Spring, UIS Spring",0,NA,1,"UIS Spring",0,NA,0,NA,0,NA,0,NA,0,NA,0,NA,0,NA,0,NA,0,NA,4,1,"BBS Upland",0,NA,0,NA,0,NA,1,"UIS Spring, UIS Spring, UIS Spring, BBS Upland",0,NA,0,NA,1,"UIS Spring, UIS Spring",0,NA,1,"UIS Spring",0,NA,0,NA,0,NA,0,NA,0,NA,0,NA,0,NA,0,NA,0,NA
"116",2022-08-27,1,"DVS Upland",0,NA,0,NA,0,NA,3,"UIS Spring, UIS Spring, UIS Spring",1,"UIS Spring",0,NA,2,"UIS Spring, UIS Spring",0,NA,1,"UIS Spring",0,NA,0,NA,0,NA,0,NA,0,NA,0,NA,0,NA,0,NA,0,NA,4,1,"DVS Upland",0,NA,0,NA,0,NA,1,"UIS Spring, UIS Spring, UIS Spring",1,"UIS Spring",0,NA,1,"UIS Spring, UIS Spring",0,NA,1,"UIS Spring",0,NA,0,NA,0,NA,0,NA,0,NA,0,NA,0,NA,0,NA,0,NA
"117",2022-08-28,2,"BBS Upland, BBS Upland",0,NA,0,NA,0,NA,2,"UIS Spring, UIS Spring",0,NA,0,NA,1,"UIS Spring",1,"UIS Spring",2,"UIS Spring, UIS Spring",0,NA,0,NA,0,NA,0,NA,0,NA,0,NA,0,NA,0,NA,0,NA,4,1,"BBS Upland, BBS Upland",0,NA,0,NA,0,NA,1,"UIS Spring, UIS Spring",0,NA,0,NA,1,"UIS Spring",1,"UIS Spring",1,"UIS Spring, UIS Spring",0,NA,0,NA,0,NA,0,NA,0,NA,0,NA,0,NA,0,NA,0,NA
"118",2022-08-29,4,"UIS Spring, UIS Spring, BBS Upland, BBS Upland",0,NA,0,NA,0,NA,3,"UIS Spring, UIS Spring, UIS Spring",0,NA,0,NA,0,NA,0,NA,2,"UIS Spring, UIS Spring",0,NA,0,NA,0,NA,0,NA,0,NA,0,NA,0,NA,0,NA,0,NA,4,1,"UIS Spring, UIS Spring, BBS Upland, BBS Upland",0,NA,0,NA,0,NA,1,"UIS Spring, UIS Spring, UIS Spring",0,NA,0,NA,0,NA,0,NA,1,"UIS Spring, UIS Spring",0,NA,0,NA,0,NA,0,NA,0,NA,0,NA,0,NA,0,NA,0,NA
"119",2022-08-30,0,NA,0,NA,0,NA,0,NA,2,"UIS Spring, UIS Spring",1,"UIS Spring",0,NA,1,"UIS Spring",0,NA,1,"UIS Spring",0,NA,0,NA,0,NA,0,NA,0,NA,0,NA,0,NA,0,NA,0,NA,4,0,NA,0,NA,0,NA,0,NA,1,"UIS Spring, UIS Spring",1,"UIS Spring",0,NA,1,"UIS Spring",0,NA,1,"UIS Spring",0,NA,0,NA,0,NA,0,NA,0,NA,0,NA,0,NA,0,NA,0,NA
"120",2022-08-31,1,"BBS Upland",0,NA,0,NA,0,NA,2,"UIS Spring, UIS Spring",0,NA,0,NA,1,"UIS Spring",2,"UIS Spring, UIS Spring",2,"UIS Spring, UIS Spring",0,NA,0,NA,0,NA,0,NA,0,NA,0,NA,0,NA,0,NA,0,NA,3.5,1,"BBS Upland",0,NA,0,NA,0,NA,1,"UIS Spring, UIS Spring",0,NA,0,NA,1,"UIS Spring",1,"UIS Spring, UIS Spring",1,"UIS Spring, UIS Spring",0,NA,0,NA,0,NA,0,NA,0,NA,0,NA,0,NA,0,NA,0,NA
"121",2022-09-01,0,NA,0,NA,1,"DVS Upland",0,NA,0,NA,0,NA,0,NA,0,NA,0,NA,0,NA,0,NA,0,NA,0,NA,0,NA,0,NA,0,NA,0,NA,0,NA,0,NA,3,0,NA,0,NA,1,"DVS Upland",0,NA,0,NA,0,NA,0,NA,0,NA,0,NA,0,NA,0,NA,0,NA,0,NA,0,NA,0,NA,0,NA,0,NA,0,NA,0,NA
"122",2022-09-02,0,NA,0,NA,0,NA,0,NA,0,NA,0,NA,0,NA,0,NA,0,NA,0,NA,0,NA,0,NA,0,NA,0,NA,0,NA,0,NA,0,NA,0,NA,0,NA,3,0,NA,0,NA,0,NA,0,NA,0,NA,0,NA,0,NA,0,NA,0,NA,0,NA,0,NA,0,NA,0,NA,0,NA,0,NA,0,NA,0,NA,0,NA,0,NA
"123",2022-09-03,2,"BBS Upland, BBS Upland",0,NA,0,NA,0,NA,0,NA,0,NA,0,NA,0,NA,0,NA,0,NA,0,NA,0,NA,0,NA,0,NA,0,NA,0,NA,0,NA,0,NA,0,NA,2.5,1,"BBS Upland, BBS Upland",0,NA,0,NA,0,NA,0,NA,0,NA,0,NA,0,NA,0,NA,0,NA,0,NA,0,NA,0,NA,0,NA,0,NA,0,NA,0,NA,0,NA,0,NA
"124",2022-09-04,0,NA,0,NA,0,NA,0,NA,0,NA,0,NA,0,NA,0,NA,0,NA,0,NA,0,NA,0,NA,0,NA,0,NA,0,NA,0,NA,0,NA,0,NA,0,NA,2,0,NA,0,NA,0,NA,0,NA,0,NA,0,NA,0,NA,0,NA,0,NA,0,NA,0,NA,0,NA,0,NA,0,NA,0,NA,0,NA,0,NA,0,NA,0,NA
"125",2022-09-05,0,NA,0,NA,0,NA,0,NA,0,NA,0,NA,0,NA,0,NA,0,NA,0,NA,0,NA,0,NA,0,NA,0,NA,0,NA,0,NA,0,NA,0,NA,0,NA,2,0,NA,0,NA,0,NA,0,NA,0,NA,0,NA,0,NA,0,NA,0,NA,0,NA,0,NA,0,NA,0,NA,0,NA,0,NA,0,NA,0,NA,0,NA,0,NA
"126",2022-09-06,0,NA,0,NA,1,"DVS Upland",0,NA,0,NA,0,NA,0,NA,0,NA,0,NA,0,NA,0,NA,0,NA,0,NA,0,NA,0,NA,0,NA,0,NA,0,NA,0,NA,2,0,NA,0,NA,1,"DVS Upland",0,NA,0,NA,0,NA,0,NA,0,NA,0,NA,0,NA,0,NA,0,NA,0,NA,0,NA,0,NA,0,NA,0,NA,0,NA,0,NA
"127",2022-09-07,0,NA,0,NA,0,NA,0,NA,0,NA,0,NA,0,NA,0,NA,0,NA,0,NA,0,NA,0,NA,0,NA,0,NA,0,NA,0,NA,0,NA,0,NA,0,NA,2,0,NA,0,NA,0,NA,0,NA,0,NA,0,NA,0,NA,0,NA,0,NA,0,NA,0,NA,0,NA,0,NA,0,NA,0,NA,0,NA,0,NA,0,NA,0,NA
"128",2022-09-08,0,NA,0,NA,0,NA,0,NA,0,NA,0,NA,0,NA,0,NA,0,NA,0,NA,0,NA,0,NA,0,NA,0,NA,0,NA,0,NA,0,NA,0,NA,0,NA,2,0,NA,0,NA,0,NA,0,NA,0,NA,0,NA,0,NA,0,NA,0,NA,0,NA,0,NA,0,NA,0,NA,0,NA,0,NA,0,NA,0,NA,0,NA,0,NA
"129",2022-09-09,0,NA,0,NA,0,NA,0,NA,0,NA,0,NA,0,NA,0,NA,0,NA,0,NA,0,NA,0,NA,0,NA,0,NA,0,NA,0,NA,0,NA,0,NA,0,NA,2,0,NA,0,NA,0,NA,0,NA,0,NA,0,NA,0,NA,0,NA,0,NA,0,NA,0,NA,0,NA,0,NA,0,NA,0,NA,0,NA,0,NA,0,NA,0,NA
"130",2022-09-10,0,NA,0,NA,0,NA,0,NA,0,NA,0,NA,0,NA,0,NA,0,NA,0,NA,0,NA,0,NA,0,NA,0,NA,0,NA,0,NA,0,NA,0,NA,0,NA,2,0,NA,0,NA,0,NA,0,NA,0,NA,0,NA,0,NA,0,NA,0,NA,0,NA,0,NA,0,NA,0,NA,0,NA,0,NA,0,NA,0,NA,0,NA,0,NA
"131",2022-09-11,0,NA,0,NA,1,"DVS Upland",0,NA,0,NA,0,NA,0,NA,0,NA,0,NA,0,NA,0,NA,0,NA,0,NA,0,NA,0,NA,0,NA,0,NA,0,NA,0,NA,2,0,NA,0,NA,1,"DVS Upland",0,NA,0,NA,0,NA,0,NA,0,NA,0,NA,0,NA,0,NA,0,NA,0,NA,0,NA,0,NA,0,NA,0,NA,0,NA,0,NA
"132",2022-09-12,0,NA,0,NA,0,NA,0,NA,0,NA,0,NA,0,NA,0,NA,0,NA,0,NA,0,NA,0,NA,0,NA,0,NA,0,NA,0,NA,0,NA,0,NA,0,NA,2,0,NA,0,NA,0,NA,0,NA,0,NA,0,NA,0,NA,0,NA,0,NA,0,NA,0,NA,0,NA,0,NA,0,NA,0,NA,0,NA,0,NA,0,NA,0,NA
"133",2022-09-13,0,NA,0,NA,0,NA,0,NA,0,NA,0,NA,0,NA,0,NA,0,NA,0,NA,0,NA,0,NA,0,NA,0,NA,0,NA,0,NA,0,NA,0,NA,0,NA,2,0,NA,0,NA,0,NA,0,NA,0,NA,0,NA,0,NA,0,NA,0,NA,0,NA,0,NA,0,NA,0,NA,0,NA,0,NA,0,NA,0,NA,0,NA,0,NA
"134",2022-09-14,0,NA,0,NA,0,NA,0,NA,0,NA,0,NA,0,NA,0,NA,0,NA,0,NA,0,NA,0,NA,0,NA,0,NA,0,NA,0,NA,0,NA,0,NA,0,NA,2,0,NA,0,NA,0,NA,0,NA,0,NA,0,NA,0,NA,0,NA,0,NA,0,NA,0,NA,0,NA,0,NA,0,NA,0,NA,0,NA,0,NA,0,NA,0,NA
"135",2022-09-15,0,NA,0,NA,1,"DVS Upland",0,NA,0,NA,0,NA,0,NA,0,NA,0,NA,0,NA,0,NA,0,NA,0,NA,0,NA,0,NA,0,NA,0,NA,0,NA,0,NA,2,0,NA,0,NA,1,"DVS Upland",0,NA,0,NA,0,NA,0,NA,0,NA,0,NA,0,NA,0,NA,0,NA,0,NA,0,NA,0,NA,0,NA,0,NA,0,NA,0,NA
"136",2022-09-16,0,NA,1,"DVS Upland",0,NA,0,NA,0,NA,0,NA,0,NA,0,NA,0,NA,0,NA,0,NA,0,NA,0,NA,0,NA,0,NA,0,NA,0,NA,0,NA,0,NA,2,0,NA,1,"DVS Upland",0,NA,0,NA,0,NA,0,NA,0,NA,0,NA,0,NA,0,NA,0,NA,0,NA,0,NA,0,NA,0,NA,0,NA,0,NA,0,NA,0,NA
"137",2022-09-17,0,NA,0,NA,0,NA,0,NA,0,NA,0,NA,0,NA,0,NA,0,NA,0,NA,0,NA,0,NA,0,NA,0,NA,0,NA,0,NA,0,NA,0,NA,0,NA,1,0,NA,0,NA,0,NA,0,NA,0,NA,0,NA,0,NA,0,NA,0,NA,0,NA,0,NA,0,NA,0,NA,0,NA,0,NA,0,NA,0,NA,0,NA,0,NA
