"","Spring","Line.Folder","Line","FolderName","Subfolder","CamID","First.Photo.Date","First.Snow","When.does.snow.melt.","What.date.is.maximum.snow.depth","Does.snow.return..when.","When.is.date.of.final.snow.","What.is.date.of.last.photo.","check.unID.","species","Detection.Dates","Taxa","Date"
"1","DVS","UIF","UIF","DivineSpringsUpperFence","100MEDIA",1,2022-05-04,"5/4/22","Between 5/24/22 and 6/3","5/4/22","No","5/24/22",2022-08-05,NA,"Cows","6/4/22","Mammals",2022-06-04
"2","DVS","UIF","UIF","DivineSpringsUpperFence","100MEDIA",1,2022-05-04,"5/4/22","Between 5/24/22 and 6/3","5/4/22","No","5/24/22",2022-08-05,NA,"Cows"," 6/6/22","Mammals",2022-06-06
"3","DVS","UIF","UIF","DivineSpringsUpperFence","100MEDIA",1,2022-05-04,"5/4/22","Between 5/24/22 and 6/3","5/4/22","No","5/24/22",2022-08-05,NA,"Cows"," 7/14/22","Mammals",2022-07-14
"4","MH","103","Upland","UNR3","103MEDIA",2,2022-07-06,NA,NA,NA,NA,NA,2022-07-11,NA,"Cows","7/11/22","Mammals",2022-07-11
"5","MH",NA,"Upland","UNR2","100MEDIA",3,2022-06-05,NA,NA,NA,NA,NA,2022-08-06,NA,"Cows","7/11/22","Mammals",2022-07-11
"6","MH",NA,"Upland","UNR2","100MEDIA",3,2022-06-05,NA,NA,NA,NA,NA,2022-08-06,NA,"Cows"," 7/13/22","Mammals",2022-07-13
"7","MH",NA,"Upland","UNR2","100MEDIA",3,2022-06-05,NA,NA,NA,NA,NA,2022-08-06,NA,"Cows"," 7/24/22","Mammals",2022-07-24
"8","MH",NA,"Upland","UNR2","100MEDIA",3,2022-06-05,NA,NA,NA,NA,NA,2022-08-06,NA,"Cows"," 7/25/22","Mammals",2022-07-25
"9","MH",NA,"Upland","P7","100MEDIA",4,2022-06-05,NA,NA,NA,NA,NA,2022-08-06,NA,"Cows","7/11/22","Mammals",2022-07-11
"10","MH",NA,"Upland","P7","100MEDIA",4,2022-06-05,NA,NA,NA,NA,NA,2022-08-06,NA,"Cows"," 7/16/22","Mammals",2022-07-16
"11","MH",NA,"Upland","P7","100MEDIA",4,2022-06-05,NA,NA,NA,NA,NA,2022-08-06,NA,"Cows"," 7/24/22","Mammals",2022-07-24
"12","UIS","100","Spring","P6","100MEDIA",5,2022-06-05,NA,NA,NA,NA,NA,2022-06-14,NA,"Cows","6/8/22","Mammals",2022-06-08
"13","UIS","100","Spring","P6","100MEDIA",5,2022-06-05,NA,NA,NA,NA,NA,2022-06-14,NA,"Cows"," 6/10/22","Mammals",2022-06-10
"14","UIS","101","Spring","P6","101MEDIA",5,2022-06-14,NA,NA,NA,NA,NA,2022-06-26,NA,"Cows","6/23/22","Mammals",2022-06-23
"15","BBS","100","Upland","P5","100MEDIA",6,2022-05-04,"5/4/22",NA,NA,NA,NA,2022-06-26,NA,"Cows","6/17/22","Mammals",2022-06-17
"16","BBS","100","Upland","P5","100MEDIA",6,2022-05-04,"5/4/22",NA,NA,NA,NA,2022-06-26,NA,"Cows"," 6/21/22","Mammals",2022-06-21
"17","BBS","100","Upland","P5","100MEDIA",6,2022-05-04,"5/4/22",NA,NA,NA,NA,2022-06-26,NA,"Cows"," 6/23/22","Mammals",2022-06-23
"18","BBS","100","Upland","P5","100MEDIA",6,2022-05-04,"5/4/22",NA,NA,NA,NA,2022-06-26,NA,"Cows"," 6/24/22","Mammals",2022-06-24
"19","BBS","100","Upland","P5","100MEDIA",6,2022-05-04,"5/4/22",NA,NA,NA,NA,2022-06-26,NA,"Cows"," 6/25/22","Mammals",2022-06-25
"20","BBS","104","Upland","P5","104MEDIA",6,2022-06-28,NA,NA,NA,NA,NA,2022-08-07,NA,"Cows","7/17/22","Mammals",2022-07-17
"21","BBS","104","Upland","P5","104MEDIA",6,2022-06-28,NA,NA,NA,NA,NA,2022-08-07,NA,"Cows"," 7/23/22","Mammals",2022-07-23
"22","BBS","104","Upland","P5","104MEDIA",6,2022-06-28,NA,NA,NA,NA,NA,2022-08-07,NA,"Cows"," 7/25/22","Mammals",2022-07-25
"23","BBS","104","Upland","P5","104MEDIA",6,2022-06-28,NA,NA,NA,NA,NA,2022-08-07,NA,"Cows"," 8/5/22","Mammals",2022-08-05
"24","BBS","102","Upland","P4","102MEDIA",7,2022-06-15,NA,NA,NA,NA,NA,2022-06-21,NA,"Cows","6/17/22","Mammals",2022-06-17
"25","BBS","102","Upland","P4","102MEDIA",7,2022-06-15,NA,NA,NA,NA,NA,2022-06-21,NA,"Cows"," 6/18/22","Mammals",2022-06-18
"26","BBS","103","Upland","P4","103MEDIA",7,2022-06-21,NA,NA,NA,NA,NA,2022-07-14,NA,"Cows","6/21/22","Mammals",2022-06-21
"27","BBS","103","Upland","P4","103MEDIA",7,2022-06-21,NA,NA,NA,NA,NA,2022-07-14,NA,"Cows"," 6/22/22","Mammals",2022-06-22
"28","BBS","104","Upland","P4","104MEDIA",7,2022-07-15,NA,NA,NA,NA,NA,2022-08-07,NA,"Cows","7/15/22","Mammals",2022-07-15
"29","BBS","104","Upland","P4","104MEDIA",7,2022-07-15,NA,NA,NA,NA,NA,2022-08-07,NA,"Cows"," 7/24/22","Mammals",2022-07-24
"30","BBS","104","Upland","P4","104MEDIA",7,2022-07-15,NA,NA,NA,NA,NA,2022-08-07,NA,"Cows"," 7/25/22","Mammals",2022-07-25
"31","BBS","104","Upland","P4","104MEDIA",7,2022-07-15,NA,NA,NA,NA,NA,2022-08-07,NA,"Cows"," 7/28/22","Mammals",2022-07-28
"32","BBS","104","Upland","P4","104MEDIA",7,2022-07-15,NA,NA,NA,NA,NA,2022-08-07,NA,"Cows"," 7/30/22","Mammals",2022-07-30
"33","UIS","100","Spring","P3","100MEDIA",8,2022-06-05,NA,NA,NA,NA,NA,2022-07-29,NA,"Cows","6/9/22","Mammals",2022-06-09
"34","UIS","100","Spring","P3","100MEDIA",8,2022-06-05,NA,NA,NA,NA,NA,2022-07-29,NA,"Cows"," 6/10/22","Mammals",2022-06-10
"35","UIS","100","Spring","P3","100MEDIA",8,2022-06-05,NA,NA,NA,NA,NA,2022-07-29,NA,"Cows"," 6/11/22","Mammals",2022-06-11
"36","UIS","100","Spring","P3","100MEDIA",8,2022-06-05,NA,NA,NA,NA,NA,2022-07-29,NA,"Cows"," 6/17/22","Mammals",2022-06-17
"37","UIS","100","Spring","P3","100MEDIA",8,2022-06-05,NA,NA,NA,NA,NA,2022-07-29,NA,"Cows"," 6/21/22","Mammals",2022-06-21
"38","UIS","100","Spring","P3","100MEDIA",8,2022-06-05,NA,NA,NA,NA,NA,2022-07-29,NA,"Cows"," 6/22/22","Mammals",2022-06-22
"39","UIS","100","Spring","P3","100MEDIA",8,2022-06-05,NA,NA,NA,NA,NA,2022-07-29,NA,"Cows"," 7/22/22","Mammals",2022-07-22
"40","UIS","100","Spring","P3","100MEDIA",8,2022-06-05,NA,NA,NA,NA,NA,2022-07-29,NA,"Cows"," 7/24/22","Mammals",2022-07-24
"41","UIS","100","Spring","P3","100MEDIA",8,2022-06-05,NA,NA,NA,NA,NA,2022-07-29,NA,"Cows"," 7/25/22","Mammals",2022-07-25
"42","UIS","100","Spring","P3","100MEDIA",8,2022-06-05,NA,NA,NA,NA,NA,2022-07-29,NA,"Cows"," 7/26/22","Mammals",2022-07-26
"43","UIS","100","Spring","P3","100MEDIA",8,2022-06-05,NA,NA,NA,NA,NA,2022-07-29,NA,"Cows"," 7/28/22","Mammals",2022-07-28
"44","UIS","100","Spring","P3","100MEDIA",8,2022-06-05,NA,NA,NA,NA,NA,2022-07-29,NA,"Cows"," 7/29/22","Mammals",2022-07-29
"45","UIS","101","Spring","P3","101MEDIA",8,2022-07-29,NA,NA,NA,NA,NA,2022-07-29,NA,"Cows","7/29/22","Mammals",2022-07-29
"46","UIS","102","Spring","P3","102MEDIA",8,2022-07-29,NA,NA,NA,NA,NA,2022-07-31,NA,"Cows","7/29/22","Mammals",2022-07-29
"47","UIS","102","Spring","P3","102MEDIA",8,2022-07-29,NA,NA,NA,NA,NA,2022-07-31,NA,"Cows"," 7/30/22","Mammals",2022-07-30
"48","UIS","102","Spring","P3","102MEDIA",8,2022-07-29,NA,NA,NA,NA,NA,2022-07-31,NA,"Cows"," 7/31/22","Mammals",2022-07-31
"49","DVS","100","UIF","P2","100MEDIA",9,2022-05-04,NA,NA,NA,NA,NA,2022-06-23,NA,"Cows","6/6/22","Mammals",2022-06-06
"50","DVS","100","UIF","P2","100MEDIA",9,2022-05-04,NA,NA,NA,NA,NA,2022-06-23,NA,"Cows"," 6/11/22","Mammals",2022-06-11
"51","DVS","100","UIF","P2","100MEDIA",9,2022-05-04,NA,NA,NA,NA,NA,2022-06-23,NA,"Cows"," 6/14/22","Mammals",2022-06-14
"52","DVS","100","UIF","P2","100MEDIA",9,2022-05-04,NA,NA,NA,NA,NA,2022-06-23,NA,"Cows"," 6/16/22","Mammals",2022-06-16
"53","DVS","100","UIF","P2","100MEDIA",9,2022-05-04,NA,NA,NA,NA,NA,2022-06-23,NA,"Cows"," 6/21/22","Mammals",2022-06-21
"54","DVS","102","UIF","P2","102MEDIA",9,2022-06-29,NA,NA,NA,NA,NA,2022-07-02,NA,"Cows","6/30/22","Mammals",2022-06-30
"55","DVS","103","UIF","P2","103MEDIA",9,2022-07-02,NA,NA,NA,NA,NA,2022-07-07,NA,"Cows","7/5/22","Mammals",2022-07-05
"56","DVS","103","UIF","P2","103MEDIA",9,2022-07-02,NA,NA,NA,NA,NA,2022-07-07,NA,"Cows"," 7/6/22","Mammals",2022-07-06
"57","DVS","104","UIF","P2","104MEDIA",9,2022-07-07,NA,NA,NA,NA,NA,2022-07-10,NA,"Cows","7/7/22","Mammals",2022-07-07
"58","DVS","104","UIF","P2","104MEDIA",9,2022-07-07,NA,NA,NA,NA,NA,2022-07-10,NA,"Cows"," 7/8/22","Mammals",2022-07-08
"59","DVS","104","UIF","P2","104MEDIA",9,2022-07-07,NA,NA,NA,NA,NA,2022-07-10,NA,"Cows"," 7/9/22","Mammals",2022-07-09
"60","DVS","105","UIF","P2","105MEDIA",9,2022-07-10,NA,NA,NA,NA,NA,2022-07-13,NA,"Cows","7/10/22","Mammals",2022-07-10
"61","DVS","105","UIF","P2","105MEDIA",9,2022-07-10,NA,NA,NA,NA,NA,2022-07-13,NA,"Cows"," 7/11/22","Mammals",2022-07-11
"62","DVS","IF SE Facing","UIF","DVS_InsideFence_SoutheastFacing","100MEDIA",10,2022-06-04,NA,NA,NA,NA,NA,2022-06-28,NA,"Cows","6/11/22","Mammals",2022-06-11
"63","DVS","IF SE Facing","UIF","DVS_InsideFence_SoutheastFacing","100MEDIA",10,2022-06-04,NA,NA,NA,NA,NA,2022-06-28,NA,"Cows"," 6/13/22","Mammals",2022-06-13
"64","DVS","IF SE Facing","UIF","DVS_InsideFence_SoutheastFacing","100MEDIA",10,2022-06-04,NA,NA,NA,NA,NA,2022-06-28,NA,"Cows"," 6/14/22","Mammals",2022-06-14
"65","DVS","IF SE Facing","UIF","DVS_InsideFence_SoutheastFacing","100MEDIA",10,2022-06-04,NA,NA,NA,NA,NA,2022-06-28,NA,"Cows"," 6/15/22","Mammals",2022-06-15
"66","DVS","IF SE Facing","UIF","DVS_InsideFence_SoutheastFacing","100MEDIA",10,2022-06-04,NA,NA,NA,NA,NA,2022-06-28,NA,"Cows"," 6/16/22","Mammals",2022-06-16
"67","DVS","IF SE Facing","UIF","DVS_InsideFence_SoutheastFacing","100MEDIA",10,2022-06-04,NA,NA,NA,NA,NA,2022-06-28,NA,"Cows"," 6/17/22","Mammals",2022-06-17
"68","BBS","TRI1 cam38 100","Spring","BBSTRI1_BBcam38","100EK113",11,2022-06-26,NA,NA,NA,NA,NA,2022-06-29,NA,"Cows","6/27/22","Mammals",2022-06-27
"69","BBS","TRI1 cam38: 103","Spring","BBSTRI1_BBcam38","103EK113",11,2022-07-04,NA,NA,NA,NA,NA,2022-07-06,NA,"Cows","7/5/22","Mammals",2022-07-05
"70","BBS","TRI1 cam38: 103","Spring","BBSTRI1_BBcam38","103EK113",11,2022-07-04,NA,NA,NA,NA,NA,2022-07-06,NA,"Cows"," 7/6/22","Mammals",2022-07-06
"71","BBS","TRI1 cam38: 104","Spring","BBSTRI1_BBcam38","104EK113",11,2022-07-06,NA,NA,NA,NA,NA,2022-07-07,NA,"Cows","1/1/18","Mammals",2018-01-01
"72","BBS","TRI1 cam38: 104","Spring","BBSTRI1_BBcam38","104EK113",11,2022-07-06,NA,NA,NA,NA,NA,2022-07-07,NA,"Cows"," 7/6/22","Mammals",2022-07-06
"73","BBS","TRI1 cam38: 105","Spring","BBSTRI1_BBcam38","105EK113",11,2018-01-01,NA,NA,NA,NA,NA,2018-01-01,NA,"Cows","1/1/18","Mammals",2018-01-01
"74","BBS","CAM4 AACAM: 100","Spring","UCCAM4_AACAM","100EK113",12,2022-05-06,NA,NA,NA,NA,NA,2022-06-01,NA,"Cows","1/1/18","Mammals",2018-01-01
"75","BBS","CAM4 AACAM: 100","Spring","UCCAM4_AACAM","100EK113",12,2022-05-06,NA,NA,NA,NA,NA,2022-06-01,NA,"Cows"," 5/31/22","Mammals",2022-05-31
"76","BBS","CAM4 AACAM: 100","Spring","UCCAM4_AACAM","100EK113",12,2022-05-06,NA,NA,NA,NA,NA,2022-06-01,NA,"Cows"," 6/1/22","Mammals",2022-06-01
"77","BBS","CAM4 AACAM: 100","Spring","UCCAM4_AACAM","100EK113",12,2022-05-06,NA,NA,NA,NA,NA,2022-06-01,NA,"Cows","","Mammals",NA
"78","UC","CAM4 AACAM: 100","Spring","UCCAM4_AACAM","100EK113",13,2022-08-06,NA,NA,NA,NA,NA,2022-08-07,NA,"Cows","8/6/22","Mammals",2022-08-06
"79","UC","CAM4 AACAM: 105","Spring","UCCAM4_AACAM","105EK113",13,2022-08-10,NA,NA,NA,NA,NA,2022-08-11,NA,"Cows","8/11/22","Mammals",2022-08-11
"80","UC","CAM4 AACAM: 106","Spring","UCCAM4_AACAM","106EK113",13,2022-08-11,NA,NA,NA,NA,NA,2022-08-11,NA,"Cows","8/11/22","Mammals",2022-08-11
"81","UC","CAM4 AACAM: 107","Spring","UCCAM4_AACAM","107EK113",13,2022-08-11,NA,NA,NA,NA,NA,2022-08-11,NA,"Cows","8/11/22","Mammals",2022-08-11
"82","UC","CAM4 AACAM: 108","Spring","UCCAM4_AACAM","108EK113",13,2022-08-11,NA,NA,NA,NA,NA,2022-08-11,NA,"Cows","8/11/22","Mammals",2022-08-11
"83","UIS","CAM1 UIC1: 100","Spring","UISCAMI_UIC1","100EK113",14,2022-05-05,NA,NA,NA,NA,NA,2022-07-27,NA,"Cows","5/7/22","Mammals",2022-05-07
"84","UIS","CAM1 UIC1: 100","Spring","UISCAMI_UIC1","100EK113",14,2022-05-05,NA,NA,NA,NA,NA,2022-07-27,NA,"Cows"," 5/12/22","Mammals",2022-05-12
"85","UIS","CAM1 UIC1: 100","Spring","UISCAMI_UIC1","100EK113",14,2022-05-05,NA,NA,NA,NA,NA,2022-07-27,NA,"Cows"," 5/18/22","Mammals",2022-05-18
"86","UIS","CAM1 UIC1: 100","Spring","UISCAMI_UIC1","100EK113",14,2022-05-05,NA,NA,NA,NA,NA,2022-07-27,NA,"Cows"," 5/22/22","Mammals",2022-05-22
"87","UIS","CAM1 UIC1: 100","Spring","UISCAMI_UIC1","100EK113",14,2022-05-05,NA,NA,NA,NA,NA,2022-07-27,NA,"Cows"," 6/17/22","Mammals",2022-06-17
"88","UIS","CAM1 UIC1: 100","Spring","UISCAMI_UIC1","100EK113",14,2022-05-05,NA,NA,NA,NA,NA,2022-07-27,NA,"Cows"," 6/23/22","Mammals",2022-06-23
"89","UIS","CAM1 UIC1: 100","Spring","UISCAMI_UIC1","100EK113",14,2022-05-05,NA,NA,NA,NA,NA,2022-07-27,NA,"Cows"," 7/22/22","Mammals",2022-07-22
"90","UIS","CAM1 UIC1: 100","Spring","UISCAMI_UIC1","100EK113",14,2022-05-05,NA,NA,NA,NA,NA,2022-07-27,NA,"Cows"," 7/24/22","Mammals",2022-07-24
"91","UIS","CAM1 UIC1: 100","Spring","UISCAMI_UIC1","100EK113",14,2022-05-05,NA,NA,NA,NA,NA,2022-07-27,NA,"Cows"," 7/26/22","Mammals",2022-07-26
"92","UIS","CAM1 UIC1: 100","Spring","UISCAMI_UIC1","100EK113",14,2022-05-05,NA,NA,NA,NA,NA,2022-07-27,NA,"Cows"," 7/27/22","Mammals",2022-07-27
"93","UIS","CAM1 UIC1: 101","Spring","UISCAMI_UIC1","101EK113",14,2022-07-27,NA,NA,NA,NA,NA,2022-08-02,NA,"Cows","7/27/22","Mammals",2022-07-27
"94","UIS","CAM1 UIC1: 101","Spring","UISCAMI_UIC1","101EK113",14,2022-07-27,NA,NA,NA,NA,NA,2022-08-02,NA,"Cows"," 7/28/22","Mammals",2022-07-28
"95","UIS","CAM1 UIC1: 101","Spring","UISCAMI_UIC1","101EK113",14,2022-07-27,NA,NA,NA,NA,NA,2022-08-02,NA,"Cows"," 7/29/22","Mammals",2022-07-29
"96","UIS","CAM1 UIC1: 101","Spring","UISCAMI_UIC1","101EK113",14,2022-07-27,NA,NA,NA,NA,NA,2022-08-02,NA,"Cows"," 7/30/22","Mammals",2022-07-30
"97","UIS","CAM1 UIC:1 105","Spring","UISCAMI_UIC1","105EK113",14,2022-08-05,NA,NA,NA,NA,NA,2022-08-10,NA,"Cows","8/7/22","Mammals",2022-08-07
"98","UIS","CAM1 UIC1: 110","Spring","UISCAMI_UIC1","110EK113",14,2022-08-13,NA,NA,NA,NA,NA,2022-08-13,NA,"Cows","8/13/22","Mammals",2022-08-13
"99","UIS","CAM1 UIC1: 130","Spring","UISCAMI_UIC1","130EK113",14,2022-08-29,NA,NA,NA,NA,NA,2022-08-29,NA,"Cows","8/29/22","Mammals",2022-08-29
"100","UIS","CAM1 UIC1: 131","Spring","UISCAMI_UIC1","131EK113",14,2022-08-29,NA,NA,NA,NA,NA,2022-08-30,NA,"Cows","8/29/22","Mammals",2022-08-29
"101","BBS","CAM3 P12: 100","Upland","BBSCAM3_P12","100MEDIA",15,2022-05-04,NA,NA,NA,NA,NA,2022-07-13,NA,"Cows","5/1/22","Mammals",2022-05-01
"102","BBS","CAM3 P12: 100","Upland","BBSCAM3_P12","100MEDIA",15,2022-05-04,NA,NA,NA,NA,NA,2022-07-13,NA,"Cows"," 6/11/22","Mammals",2022-06-11
"103","BBS","CAM3 P12: 100","Upland","BBSCAM3_P12","100MEDIA",15,2022-05-04,NA,NA,NA,NA,NA,2022-07-13,NA,"Cows"," 6/16/22","Mammals",2022-06-16
"104","BBS","CAM3 P12: 100","Upland","BBSCAM3_P12","100MEDIA",15,2022-05-04,NA,NA,NA,NA,NA,2022-07-13,NA,"Cows"," 6/17/22","Mammals",2022-06-17
"105","BBS","CAM3 P12: 100","Upland","BBSCAM3_P12","100MEDIA",15,2022-05-04,NA,NA,NA,NA,NA,2022-07-13,NA,"Cows"," 6/18/22","Mammals",2022-06-18
"106","BBS","CAM3 P12: 100","Upland","BBSCAM3_P12","100MEDIA",15,2022-05-04,NA,NA,NA,NA,NA,2022-07-13,NA,"Cows"," 6/20/22","Mammals",2022-06-20
"107","BBS","CAM3 P12: 100","Upland","BBSCAM3_P12","100MEDIA",15,2022-05-04,NA,NA,NA,NA,NA,2022-07-13,NA,"Cows"," 6/21/22","Mammals",2022-06-21
"108","BBS","CAM3 P12: 100","Upland","BBSCAM3_P12","100MEDIA",15,2022-05-04,NA,NA,NA,NA,NA,2022-07-13,NA,"Cows"," 6/23/22","Mammals",2022-06-23
"109","BBS","CAM3 P12: 100","Upland","BBSCAM3_P12","100MEDIA",15,2022-05-04,NA,NA,NA,NA,NA,2022-07-13,NA,"Cows"," 6/25/22","Mammals",2022-06-25
"110","BBS","CAM3 P12: 100","Upland","BBSCAM3_P12","100MEDIA",15,2022-05-04,NA,NA,NA,NA,NA,2022-07-13,NA,"Cows"," 7/6/22","Mammals",2022-07-06
"111","BBS","CAM3 P12: 100","Upland","BBSCAM3_P12","100MEDIA",15,2022-05-04,NA,NA,NA,NA,NA,2022-07-13,NA,"Cows"," 7/7/22","Mammals",2022-07-07
"112","BBS","CAM3 P12: 100","Upland","BBSCAM3_P12","100MEDIA",15,2022-05-04,NA,NA,NA,NA,NA,2022-07-13,NA,"Cows"," 7/10/22","Mammals",2022-07-10
"113","BBS","CAM3 P12: 100","Upland","BBSCAM3_P12","100MEDIA",15,2022-05-04,NA,NA,NA,NA,NA,2022-07-13,NA,"Cows"," 7/11/22","Mammals",2022-07-11
"114","BBS","CAM3 P12: 100","Upland","BBSCAM3_P12","100MEDIA",15,2022-05-04,NA,NA,NA,NA,NA,2022-07-13,NA,"Cows"," 7/13/22","Mammals",2022-07-13
"115","BBS","CAM3 P12: 101","Upland","BBSCAM3_P12","101MEDIA",15,2022-07-13,NA,NA,NA,NA,NA,2022-09-17,NA,"Cows","4/7/22","Mammals",2022-04-07
"116","BBS","CAM3 P12: 101","Upland","BBSCAM3_P12","101MEDIA",15,2022-07-13,NA,NA,NA,NA,NA,2022-09-17,NA,"Cows"," 7/14/22","Mammals",2022-07-14
"117","BBS","CAM3 P12: 101","Upland","BBSCAM3_P12","101MEDIA",15,2022-07-13,NA,NA,NA,NA,NA,2022-09-17,NA,"Cows"," 7/15/22","Mammals",2022-07-15
"118","BBS","CAM3 P12: 101","Upland","BBSCAM3_P12","101MEDIA",15,2022-07-13,NA,NA,NA,NA,NA,2022-09-17,NA,"Cows"," 7/16/22","Mammals",2022-07-16
"119","BBS","CAM3 P12: 101","Upland","BBSCAM3_P12","101MEDIA",15,2022-07-13,NA,NA,NA,NA,NA,2022-09-17,NA,"Cows"," 7/17/22","Mammals",2022-07-17
"120","BBS","CAM3 P12: 101","Upland","BBSCAM3_P12","101MEDIA",15,2022-07-13,NA,NA,NA,NA,NA,2022-09-17,NA,"Cows"," 7/18/22","Mammals",2022-07-18
"121","BBS","CAM3 P12: 101","Upland","BBSCAM3_P12","101MEDIA",15,2022-07-13,NA,NA,NA,NA,NA,2022-09-17,NA,"Cows"," 7/19/22","Mammals",2022-07-19
"122","BBS","CAM3 P12: 101","Upland","BBSCAM3_P12","101MEDIA",15,2022-07-13,NA,NA,NA,NA,NA,2022-09-17,NA,"Cows"," 7/20/22","Mammals",2022-07-20
"123","BBS","CAM3 P12: 101","Upland","BBSCAM3_P12","101MEDIA",15,2022-07-13,NA,NA,NA,NA,NA,2022-09-17,NA,"Cows"," 7/21/22","Mammals",2022-07-21
"124","BBS","CAM3 P12: 101","Upland","BBSCAM3_P12","101MEDIA",15,2022-07-13,NA,NA,NA,NA,NA,2022-09-17,NA,"Cows"," 7/22/22","Mammals",2022-07-22
"125","BBS","CAM3 P12: 101","Upland","BBSCAM3_P12","101MEDIA",15,2022-07-13,NA,NA,NA,NA,NA,2022-09-17,NA,"Cows"," 7/23/22","Mammals",2022-07-23
"126","BBS","CAM3 P12: 101","Upland","BBSCAM3_P12","101MEDIA",15,2022-07-13,NA,NA,NA,NA,NA,2022-09-17,NA,"Cows"," 7/24/22","Mammals",2022-07-24
"127","BBS","CAM3 P12: 101","Upland","BBSCAM3_P12","101MEDIA",15,2022-07-13,NA,NA,NA,NA,NA,2022-09-17,NA,"Cows"," 7/25/22","Mammals",2022-07-25
"128","BBS","CAM3 P12: 101","Upland","BBSCAM3_P12","101MEDIA",15,2022-07-13,NA,NA,NA,NA,NA,2022-09-17,NA,"Cows"," 7/26/22","Mammals",2022-07-26
"129","BBS","CAM3 P12: 101","Upland","BBSCAM3_P12","101MEDIA",15,2022-07-13,NA,NA,NA,NA,NA,2022-09-17,NA,"Cows"," 7/27/22","Mammals",2022-07-27
"130","BBS","CAM3 P12: 101","Upland","BBSCAM3_P12","101MEDIA",15,2022-07-13,NA,NA,NA,NA,NA,2022-09-17,NA,"Cows"," 7/28/22","Mammals",2022-07-28
"131","BBS","CAM3 P12: 101","Upland","BBSCAM3_P12","101MEDIA",15,2022-07-13,NA,NA,NA,NA,NA,2022-09-17,NA,"Cows"," 7/29/22","Mammals",2022-07-29
"132","BBS","CAM3 P12: 101","Upland","BBSCAM3_P12","101MEDIA",15,2022-07-13,NA,NA,NA,NA,NA,2022-09-17,NA,"Cows"," 7/30/22","Mammals",2022-07-30
"133","BBS","CAM3 P12: 101","Upland","BBSCAM3_P12","101MEDIA",15,2022-07-13,NA,NA,NA,NA,NA,2022-09-17,NA,"Cows"," 7/31/22","Mammals",2022-07-31
"134","BBS","CAM3 P12: 101","Upland","BBSCAM3_P12","101MEDIA",15,2022-07-13,NA,NA,NA,NA,NA,2022-09-17,NA,"Cows"," 8/2/22","Mammals",2022-08-02
"135","BBS","CAM3 P12: 101","Upland","BBSCAM3_P12","101MEDIA",15,2022-07-13,NA,NA,NA,NA,NA,2022-09-17,NA,"Cows"," 8/3/22","Mammals",2022-08-03
"136","BBS","CAM3 P12: 101","Upland","BBSCAM3_P12","101MEDIA",15,2022-07-13,NA,NA,NA,NA,NA,2022-09-17,NA,"Cows"," 8/4/22","Mammals",2022-08-04
"137","BBS","CAM3 P12: 101","Upland","BBSCAM3_P12","101MEDIA",15,2022-07-13,NA,NA,NA,NA,NA,2022-09-17,NA,"Cows"," 8/7/22","Mammals",2022-08-07
"138","BBS","CAM3 P12: 101","Upland","BBSCAM3_P12","101MEDIA",15,2022-07-13,NA,NA,NA,NA,NA,2022-09-17,NA,"Cows"," 8/28/22","Mammals",2022-08-28
"139","BBS","CAM4 P11: 100","Upland","BBSCAM4_P11","100MEDIA",16,2022-05-04,NA,NA,NA,NA,NA,2022-08-10,NA,"Cows","6/23/22","Mammals",2022-06-23
"140","BBS","CAM4 P11: 100","Upland","BBSCAM4_P11","100MEDIA",16,2022-05-04,NA,NA,NA,NA,NA,2022-08-10,NA,"Cows"," 6/24/22","Mammals",2022-06-24
"141","BBS","CAM4 P11: 100","Upland","BBSCAM4_P11","100MEDIA",16,2022-05-04,NA,NA,NA,NA,NA,2022-08-10,NA,"Cows"," 7/17/22","Mammals",2022-07-17
"142","BBS","CAM4 P11: 100","Upland","BBSCAM4_P11","100MEDIA",16,2022-05-04,NA,NA,NA,NA,NA,2022-08-10,NA,"Cows"," 7/21/22","Mammals",2022-07-21
"143","BBS","CAM4 P11: 100","Upland","BBSCAM4_P11","100MEDIA",16,2022-05-04,NA,NA,NA,NA,NA,2022-08-10,NA,"Cows"," 7/26/22","Mammals",2022-07-26
"144","BBS","CAM4 P11: 100","Upland","BBSCAM4_P11","100MEDIA",16,2022-05-04,NA,NA,NA,NA,NA,2022-08-10,NA,"Cows"," 7/27/22","Mammals",2022-07-27
"145","BBS","CAM4 P11: 100","Upland","BBSCAM4_P11","100MEDIA",16,2022-05-04,NA,NA,NA,NA,NA,2022-08-10,NA,"Cows"," 7/28/22","Mammals",2022-07-28
"146","BBS","CAM4 P11: 100","Upland","BBSCAM4_P11","100MEDIA",16,2022-05-04,NA,NA,NA,NA,NA,2022-08-10,NA,"Cows"," 7/30/22","Mammals",2022-07-30
"147","BBS","CAM4 P11: 100","Upland","BBSCAM4_P11","100MEDIA",16,2022-05-04,NA,NA,NA,NA,NA,2022-08-10,NA,"Cows"," 7/31/22","Mammals",2022-07-31
"148","BBS","CAM4 P11: 100","Upland","BBSCAM4_P11","100MEDIA",16,2022-05-04,NA,NA,NA,NA,NA,2022-08-10,NA,"Cows"," 8/1/22","Mammals",2022-08-01
"149","BBS","CAM4 P11: 100","Upland","BBSCAM4_P11","100MEDIA",16,2022-05-04,NA,NA,NA,NA,NA,2022-08-10,NA,"Cows"," 8/2/22","Mammals",2022-08-02
"150","BBS","CAM4 P11: 100","Upland","BBSCAM4_P11","100MEDIA",16,2022-05-04,NA,NA,NA,NA,NA,2022-08-10,NA,"Cows"," 8/3/22","Mammals",2022-08-03
"151","BBS","CAM4 P11: 100","Upland","BBSCAM4_P11","100MEDIA",16,2022-05-04,NA,NA,NA,NA,NA,2022-08-10,NA,"Cows"," 8/4/22","Mammals",2022-08-04
"152","BBS","CAM4 P11: 100","Upland","BBSCAM4_P11","100MEDIA",16,2022-05-04,NA,NA,NA,NA,NA,2022-08-10,NA,"Cows"," 8/6/22","Mammals",2022-08-06
"153","BBS","CAM4 P11: 100","Upland","BBSCAM4_P11","100MEDIA",16,2022-05-04,NA,NA,NA,NA,NA,2022-08-10,NA,"Cows"," 8/7/22","Mammals",2022-08-07
"154","BBS","CAM4 P11: 100","Upland","BBSCAM4_P11","100MEDIA",16,2022-05-04,NA,NA,NA,NA,NA,2022-08-10,NA,"Cows"," 8/8/22","Mammals",2022-08-08
"155","BBS","CAM4 P11: 100","Upland","BBSCAM4_P11","100MEDIA",16,2022-05-04,NA,NA,NA,NA,NA,2022-08-10,NA,"Cows"," 8/9/22","Mammals",2022-08-09
"156","BBS","CAM4 P11: 100","Upland","BBSCAM4_P11","100MEDIA",16,2022-05-04,NA,NA,NA,NA,NA,2022-08-10,NA,"Cows"," 8/10/22","Mammals",2022-08-10
"157","BBS","CAM4 P11: 101","Upland","BBSCAM4_P11","101MEDIA",16,2022-08-10,NA,NA,NA,NA,NA,2022-08-11,NA,"Cows","8/10/22","Mammals",2022-08-10
"158","BBS","CAM4 P11: 102","Upland","BBSCAM4_P11","102MEDIA",16,2022-08-11,NA,NA,NA,NA,NA,2022-08-12,NA,"Cows","8/11/22","Mammals",2022-08-11
"159","BBS","CAM4 P11: 102","Upland","BBSCAM4_P11","102MEDIA",16,2022-08-11,NA,NA,NA,NA,NA,2022-08-12,NA,"Cows"," 8/12/22","Mammals",2022-08-12
"160","BBS","CAM4 P11: 103","Upland","BBSCAM4_P11","103MEDIA",16,2022-08-12,NA,NA,NA,NA,NA,2022-08-14,NA,"Cows","8/12/22","Mammals",2022-08-12
"161","BBS","CAM4 P11: 104","Upland","BBSCAM4_P11","104MEDIA",16,2022-08-14,NA,NA,NA,NA,NA,2022-08-29,NA,"Cows","8/14/22","Mammals",2022-08-14
"162","BBS","CAM4 P11: 104","Upland","BBSCAM4_P11","104MEDIA",16,2022-08-14,NA,NA,NA,NA,NA,2022-08-29,NA,"Cows"," 8/15/22","Mammals",2022-08-15
"163","BBS","CAM4 P11: 104","Upland","BBSCAM4_P11","104MEDIA",16,2022-08-14,NA,NA,NA,NA,NA,2022-08-29,NA,"Cows"," 8/16/22","Mammals",2022-08-16
"164","BBS","CAM4 P11: 104","Upland","BBSCAM4_P11","104MEDIA",16,2022-08-14,NA,NA,NA,NA,NA,2022-08-29,NA,"Cows"," 8/20/22","Mammals",2022-08-20
"165","BBS","CAM4 P11: 104","Upland","BBSCAM4_P11","104MEDIA",16,2022-08-14,NA,NA,NA,NA,NA,2022-08-29,NA,"Cows"," 8/23/22","Mammals",2022-08-23
"166","BBS","CAM4 P11: 104","Upland","BBSCAM4_P11","104MEDIA",16,2022-08-14,NA,NA,NA,NA,NA,2022-08-29,NA,"Cows"," 8/25/22","Mammals",2022-08-25
"167","BBS","CAM4 P11: 104","Upland","BBSCAM4_P11","104MEDIA",16,2022-08-14,NA,NA,NA,NA,NA,2022-08-29,NA,"Cows"," 8/26/22","Mammals",2022-08-26
"168","BBS","CAM4 P11: 104","Upland","BBSCAM4_P11","104MEDIA",16,2022-08-14,NA,NA,NA,NA,NA,2022-08-29,NA,"Cows"," 8/28/22","Mammals",2022-08-28
"169","BBS","CAM4 P11: 104","Upland","BBSCAM4_P11","104MEDIA",16,2022-08-14,NA,NA,NA,NA,NA,2022-08-29,NA,"Cows"," 8/29/22","Mammals",2022-08-29
"170","BBS","CAM4 P11: 105","Upland","BBSCAM4_P11","105MEDIA",16,2022-08-29,NA,NA,NA,NA,NA,2022-09-03,NA,"Cows","8/29/22","Mammals",2022-08-29
"171","BBS","CAM4 P11: 105","Upland","BBSCAM4_P11","105MEDIA",16,2022-08-29,NA,NA,NA,NA,NA,2022-09-03,NA,"Cows"," 8/31/22","Mammals",2022-08-31
"172","BBS","CAM4 P11: 105","Upland","BBSCAM4_P11","105MEDIA",16,2022-08-29,NA,NA,NA,NA,NA,2022-09-03,NA,"Cows"," 9/3/22","Mammals",2022-09-03
"173","BBS","CAM4 P11: 106","Upland","BBSCAM4_P11","106MEDIA",16,2022-09-03,NA,NA,NA,NA,NA,2022-09-03,NA,"Cows","9/3/22","Mammals",2022-09-03
"174","DVS","CAM9 P10: 100","Upland","DVSCAM9_P10","100MEDIA",17,2022-06-28,NA,NA,NA,NA,NA,2022-08-19,NA,"Cows","7/7/22","Mammals",2022-07-07
"175","DVS","CAM9 P10: 100","Upland","DVSCAM9_P10","100MEDIA",17,2022-06-28,NA,NA,NA,NA,NA,2022-08-19,NA,"Cows"," 7/9/22","Mammals",2022-07-09
"176","DVS","CAM9 P10: 100","Upland","DVSCAM9_P10","100MEDIA",17,2022-06-28,NA,NA,NA,NA,NA,2022-08-19,NA,"Cows"," 7/14/22","Mammals",2022-07-14
"177","DVS","CAM9 P10: 100","Upland","DVSCAM9_P10","100MEDIA",17,2022-06-28,NA,NA,NA,NA,NA,2022-08-19,NA,"Cows"," 7/15/22","Mammals",2022-07-15
"178","DVS","CAM9 P10: 100","Upland","DVSCAM9_P10","100MEDIA",17,2022-06-28,NA,NA,NA,NA,NA,2022-08-19,NA,"Cows"," 7/16/22","Mammals",2022-07-16
"179","DVS","CAM9 P10: 100","Upland","DVSCAM9_P10","100MEDIA",17,2022-06-28,NA,NA,NA,NA,NA,2022-08-19,NA,"Cows"," 7/20/22","Mammals",2022-07-20
"180","DVS","CAM9 P10: 100","Upland","DVSCAM9_P10","100MEDIA",17,2022-06-28,NA,NA,NA,NA,NA,2022-08-19,NA,"Cows"," 7/24/22","Mammals",2022-07-24
"181","DVS","CAM9 P10: 100","Upland","DVSCAM9_P10","100MEDIA",17,2022-06-28,NA,NA,NA,NA,NA,2022-08-19,NA,"Cows"," 8/5/22","Mammals",2022-08-05
"182","DVS","CAM9 P10: 100","Upland","DVSCAM9_P10","100MEDIA",17,2022-06-28,NA,NA,NA,NA,NA,2022-08-19,NA,"Cows"," 8/19/22","Mammals",2022-08-19
"183","DVS","CAM9 P10: 101","Upland","DVSCAM9_P10","101MEDIA",17,2022-08-19,NA,NA,NA,NA,NA,2022-09-17,NA,"Cows","8/25/22","Mammals",2022-08-25
"184","DVS","CAM9 P10: 101","Upland","DVSCAM9_P10","101MEDIA",17,2022-08-19,NA,NA,NA,NA,NA,2022-09-17,NA,"Cows"," 8/27/22","Mammals",2022-08-27
"185","DVS","UNKCAM: 100","Spring","UnnamedCamera_UNKCAM","100EK113",18,2022-06-04,NA,NA,NA,NA,NA,2022-07-01,NA,"Cows","6/6/22","Mammals",2022-06-06
"186","DVS","UNKCAM: 100","Spring","UnnamedCamera_UNKCAM","100EK113",18,2022-06-04,NA,NA,NA,NA,NA,2022-07-01,NA,"Cows"," 6/7/22","Mammals",2022-06-07
"187","DVS","UNKCAM: 100","Spring","UnnamedCamera_UNKCAM","100EK113",18,2022-06-04,NA,NA,NA,NA,NA,2022-07-01,NA,"Cows"," 6/8/22","Mammals",2022-06-08
"188","DVS","UNKCAM: 100","Spring","UnnamedCamera_UNKCAM","100EK113",18,2022-06-04,NA,NA,NA,NA,NA,2022-07-01,NA,"Cows"," 6/10/22","Mammals",2022-06-10
"189","DVS","UNKCAM: 100","Spring","UnnamedCamera_UNKCAM","100EK113",18,2022-06-04,NA,NA,NA,NA,NA,2022-07-01,NA,"Cows"," 6/26/22","Mammals",2022-06-26
"190","DVS","UNKCAM: 100","Spring","UnnamedCamera_UNKCAM","100EK113",18,2022-06-04,NA,NA,NA,NA,NA,2022-07-01,NA,"Cows"," 6/27/22","Mammals",2022-06-27
"191","DVS","UNKCAM: 100","Spring","UnnamedCamera_UNKCAM","100EK113",18,2022-06-04,NA,NA,NA,NA,NA,2022-07-01,NA,"Cows"," 6/28/22","Mammals",2022-06-28
"192","DVS","UNKCAM: 100","Spring","UnnamedCamera_UNKCAM","100EK113",18,2022-06-04,NA,NA,NA,NA,NA,2022-07-01,NA,"Cows"," 6/29/22","Mammals",2022-06-29
"193","DVS","UNKCAM: 100","Spring","UnnamedCamera_UNKCAM","100EK113",18,2022-06-04,NA,NA,NA,NA,NA,2022-07-01,NA,"Cows"," 6/30/22","Mammals",2022-06-30
"194","DVS","UNKCAM: 100","Spring","UnnamedCamera_UNKCAM","100EK113",18,2022-06-04,NA,NA,NA,NA,NA,2022-07-01,NA,"Cows"," 7/1/22","Mammals",2022-07-01
"195","DVS","UNKCAM: 101","Spring","UnnamedCamera_UNKCAM","101EK113",18,2022-07-01,NA,NA,NA,NA,NA,2022-07-02,NA,"Cows","7/1/22","Mammals",2022-07-01
"196","DVS","UNKCAM: 101","Spring","UnnamedCamera_UNKCAM","101EK113",18,2022-07-01,NA,NA,NA,NA,NA,2022-07-02,NA,"Cows"," 7/2/22","Mammals",2022-07-02
"197","DVS","UNKCAM: 102","Spring","UnnamedCamera_UNKCAM","102EK113",18,2022-07-02,NA,NA,NA,NA,NA,2022-07-03,NA,"Cows","7/2/22","Mammals",2022-07-02
"198","DVS","UNKCAM: 104","Spring","UnnamedCamera_UNKCAM","104EK113",18,2022-07-03,NA,NA,NA,NA,NA,2022-07-03,NA,"Cows","7/3/22","Mammals",2022-07-03
"199","DVS","UNKCAM: 105","Spring","UnnamedCamera_UNKCAM","105EK113",18,2022-07-03,NA,NA,NA,NA,NA,2022-07-03,NA,"Cows","7/3/22","Mammals",2022-07-03
"200","DVS","UNKCAM: 106","Spring","UnnamedCamera_UNKCAM","106EK113",18,2022-07-03,NA,NA,NA,NA,NA,2022-07-04,NA,"Cows","7/4/22","Mammals",2022-07-04
"201","DVS","UNKCAM: 107","Spring","UnnamedCamera_UNKCAM","107EK113",18,2022-07-04,NA,NA,NA,NA,NA,2022-07-04,NA,"Cows","7/4/22","Mammals",2022-07-04
"202","DVS","UNKCAM: 108","Spring","UnnamedCamera_UNKCAM","108EK113",18,2022-07-04,NA,NA,NA,NA,NA,2022-07-04,NA,"Cows","7/4/22","Mammals",2022-07-04
"203","DVS","UNKCAM: 109","Spring","UnnamedCamera_UNKCAM","109EK113",18,2022-07-04,NA,NA,NA,NA,NA,2022-07-05,NA,"Cows","7/5/22","Mammals",2022-07-05
"204","DVS","UNKCAM: 110","Spring","UnnamedCamera_UNKCAM","110EK113",18,2022-07-05,NA,NA,NA,NA,NA,2022-07-05,NA,"Cows","7/5/22","Mammals",2022-07-05
"205","DVS","UNKCAM DivineSprings",NA,"UnnamedCamera_UNKCAM_DivineSprings","100EK113",19,2022-05-04,NA,NA,NA,NA,NA,2022-06-04,NA,"Cows","5/31/22","Mammals",2022-05-31
